unique_id,model,ME,MAE,RMSE,MAPE
hotel_0,NHITS,-0.019826620819812544,0.13273363267145458,0.17708495259788382,21.73812216655585
hotel_0,LGBMRegressor,-0.03119271874202754,0.13747065034145714,0.18285484836459812,23.767350371070943
hotel_0,NBEATS,-0.048567862172711286,0.14141306911563958,0.1932288498382948,23.54905514928003
hotel_0,AutoARIMA,-0.052846699823221224,0.1641517507477181,0.20905987966028977,28.300752470015734
hotel_0,AutoETS,0.007384046380317481,0.18431418789291926,0.22351498912209397,29.7295999738063
hotel_0,Naive,-0.08201058201058198,0.1947089947089947,0.25243388153318447,34.10903217219256
hotel_0,SeasonalNaive,-0.029805996472663132,0.21428571428571427,0.26715531035209855,35.41912145633045
hotel_105,AutoARIMA,0.0609425398616936,0.09839356374131109,0.11854048685128268,11.705827328784528
hotel_105,AutoETS,0.06242746666528178,0.10214192290978036,0.13228982083343696,11.932141359835342
hotel_105,LGBMRegressor,0.06074901357037802,0.10315244885114,0.13219593847095015,12.115666540651219
hotel_105,SeasonalNaive,0.07385444743935311,0.10530098831985625,0.13887026835007862,12.210771709853843
hotel_105,NHITS,0.07712430641229157,0.1067542718212988,0.13296846648706215,12.301575042309025
hotel_105,NBEATS,0.0766022489130872,0.10714692764740642,0.13646985411440854,12.277635144080602
hotel_105,Naive,-0.05318957771787961,0.12003593890386341,0.15947546913060318,16.684634338392627
hotel_112,NHITS,-0.03156820041792732,0.08945156403950283,0.10832239839154309,11.08600616049346
hotel_112,AutoARIMA,0.0158558243206546,0.09066279331543799,0.10704325074896467,10.677083870654863
hotel_112,NBEATS,-0.0010372538225991315,0.09590973802975246,0.11366426033237484,11.48230551348875
hotel_112,LGBMRegressor,0.03767530811543755,0.10415524687612449,0.12496569912378819,12.15167632617741
hotel_112,AutoETS,0.0366965336304817,0.10576777422269999,0.1264743447524021,12.247717554135953
hotel_112,SeasonalNaive,0.01642857142857144,0.11357142857142857,0.1399158707683197,13.375194366081617
hotel_112,Naive,0.06464285714285713,0.14125,0.16938537791084565,16.2639749521374
hotel_126,Naive,-0.009561752988047798,0.03551508252703471,0.06472987075914946,4.16605299427268
hotel_126,NHITS,0.013068973217488157,0.04311339802950977,0.06807559751930775,4.722162041963551
hotel_126,AutoARIMA,0.003115489345428144,0.0460286510420306,0.06672430126737541,5.1166768490911085
hotel_126,SeasonalNaive,0.000455321570859423,0.046215139442231074,0.08818715360888009,5.3136533010374425
hotel_126,NBEATS,0.01832454975993375,0.04719184065787848,0.07118806971320674,5.134554254660287
hotel_126,AutoETS,0.03734164693475655,0.061687988900823144,0.08015850720948862,6.609077160206465
hotel_126,LGBMRegressor,0.04811900603503878,0.06624063673387837,0.09155112842132479,7.003827350058021
hotel_133,NHITS,0.0035475251476435187,0.09213771466209403,0.12362620251587876,12.181861952412934
hotel_133,AutoETS,0.0300771995937073,0.10018135834563968,0.12793112119647446,12.115928958290736
hotel_133,NBEATS,0.036084968019145985,0.10063288908373276,0.12775108984659847,12.620863572030212
hotel_133,LGBMRegressor,0.02603901765165789,0.10336499539095088,0.13256081451803114,13.164450040974925
hotel_133,SeasonalNaive,0.01779859484777517,0.10725995316159251,0.14257852817028524,13.667983913430506
hotel_133,Naive,-0.014519906323185002,0.10749414519906324,0.14357137079220536,13.583397063031102
hotel_133,AutoARIMA,0.038196034085641165,0.11203127351753565,0.14498825977269617,13.821098158689413
hotel_14,LGBMRegressor,-0.02701086933812569,0.09106807568076276,0.11904862185844971,14.571473516666881
hotel_14,AutoARIMA,-0.01107730980533779,0.10277223378965701,0.13150304767557444,16.418260811645837
hotel_14,NHITS,-0.011993928566936532,0.10532613146417545,0.13365242828141768,16.66215511671237
hotel_14,AutoETS,-0.003294282277537795,0.11228648850223127,0.14163080617295787,17.472352649321877
hotel_14,NBEATS,-0.005637621554242311,0.11638214571697694,0.14376100867122532,18.060252152738748
hotel_14,SeasonalNaive,0.001212938005390832,0.11859838274932614,0.1574652368581609,18.367868999486404
hotel_14,Naive,-0.050269541778975746,0.15026954177897575,0.1902328222848642,24.213389511551668
hotel_21,Naive,-0.017691798941798936,0.02999338624338624,0.05265958407566979,3.350900159664464
hotel_21,NHITS,-0.003857601824260898,0.03121613125321726,0.048163245471512434,3.416423616642287
hotel_21,AutoETS,-0.008787268385847662,0.031682802983023235,0.04982666446397726,3.4736799592919407
hotel_21,NBEATS,0.0009618803149177862,0.0322280871332007,0.0471079739273679,3.4986345803862395
hotel_21,AutoARIMA,0.009930523343339187,0.04086828314949596,0.05452346365679696,4.384484778548243
hotel_21,LGBMRegressor,0.02817502664101129,0.04356296690179397,0.05590784918906366,4.556385542729682
hotel_21,SeasonalNaive,0.015906084656084663,0.0462632275132275,0.07738250688078166,4.870432115496732
hotel_28,Naive,0.00880952380952381,0.00880952380952381,0.0633709161672215,100.0
hotel_28,SeasonalNaive,0.00880952380952381,0.00880952380952381,0.0633709161672215,100.0
hotel_28,AutoARIMA,0.009464647675001743,0.009568704326580928,0.06339241907750787,101.00624501592608
hotel_28,NHITS,0.0062574807999079066,0.012200269423136928,0.06310864788359348,54.45809516958327
hotel_28,NBEATS,0.007864494524851795,0.012344309509110946,0.06212745303824116,57.50341662666197
hotel_28,AutoETS,0.00248753333056039,0.017970257922602335,0.06499245297583958,71.93830838299573
hotel_28,LGBMRegressor,-0.0022320665403022205,0.02136958734950863,0.0659474854931814,87.48139822494635
hotel_35,LGBMRegressor,0.01670108092934471,0.10433068757511069,0.13063316425196234,15.385158671743046
hotel_35,NHITS,0.053690653613635474,0.12682200712817057,0.15122022250661096,17.95430904506434
hotel_35,NBEATS,0.0732294010264533,0.13287447903837477,0.1571606848267916,18.252248481629763
hotel_35,AutoETS,0.10762423083841928,0.14736497033170431,0.17756959898787888,19.894538938504443
hotel_35,Naive,0.13916015625,0.1664760044642857,0.19908610397120535,22.117279318021605
hotel_35,SeasonalNaive,0.08162667410714286,0.16823381696428572,0.19810813113409184,23.742467823317703
hotel_35,AutoARIMA,0.1699547086869798,0.1850359194924023,0.23749096396698666,24.234280982295633
hotel_42,LGBMRegressor,0.0017974747823565928,0.19947388835021135,0.2410077397773506,38.830335144667075
hotel_42,NBEATS,0.05168446326545375,0.20997971022591005,0.2600243268369088,36.95666081886567
hotel_42,AutoARIMA,0.04328208342845107,0.22107102566900952,0.25677455986185943,41.952364629015214
hotel_42,NHITS,0.06878401597346646,0.24303983026170678,0.322112236019485,43.14627868526358
hotel_42,AutoETS,0.1377182447427834,0.2709041382417695,0.3236070793386512,44.29062776712702
hotel_42,Naive,0.11200115673799882,0.2825621746674378,0.345949158007164,48.05921362094949
hotel_42,SeasonalNaive,0.05786581839213419,0.29170040485829957,0.3568743649049122,52.40136821985306
hotel_49,AutoETS,-0.0353983426659382,0.07828940220367667,0.09665467534847777,11.344632101313772
hotel_49,NBEATS,-0.06435162607424717,0.07974266217822815,0.10391284419142367,11.731150040193313
hotel_49,AutoARIMA,-0.05532913042666074,0.07983929005170007,0.10294081433352015,11.923679998426625
hotel_49,NHITS,-0.07168269041769965,0.0859887187360453,0.11042710414802523,12.786542739939094
hotel_49,LGBMRegressor,-0.062266869044961225,0.08667109534679064,0.10588175231735365,12.591777553408201
hotel_49,SeasonalNaive,-0.046412975670617584,0.09320024953212727,0.11934837574446511,13.613257297216496
hotel_49,Naive,-0.08197130380536498,0.09831565814098567,0.12261114721973759,14.645699014009391
hotel_56,NBEATS,-0.0050207435233252445,0.049470721057483125,0.0742687342895978,5.801146977727898
hotel_56,NHITS,-0.00762660580021995,0.050584075025149756,0.07747184846231066,5.948523386568524
hotel_56,Naive,-0.017797619047619055,0.06089285714285716,0.0956571880155779,7.282582397244969
hotel_56,SeasonalNaive,0.00363095238095238,0.06244047619047619,0.10659083986373849,7.173466463619837
hotel_56,AutoETS,0.01266627970148968,0.06493355105470357,0.08776202043787588,7.301679970631896
hotel_56,AutoARIMA,0.012868217162626566,0.06565301706574105,0.08283970133565677,7.472729704951213
hotel_56,LGBMRegressor,0.0219124319570279,0.06587738536126987,0.09748791388677697,7.404609292138692
hotel_63,NHITS,-0.015186102354337296,0.12869915607808127,0.1604965973359502,20.00343726072754
hotel_63,LGBMRegressor,0.01218926673168972,0.129974288291015,0.1612203489971747,19.73939098923178
hotel_63,NBEATS,-0.010159307384301744,0.14101918753650453,0.17322246427390767,21.08824188792702
hotel_63,AutoETS,0.01240943902371155,0.14186446619271958,0.17221762583817823,21.643517612442526
hotel_63,AutoARIMA,-0.0005058784844907611,0.152662493954949,0.18184515190392764,24.16949956726435
hotel_63,Naive,-0.10285714285714287,0.1737142857142857,0.22589910500871618,30.29948525555046
hotel_63,SeasonalNaive,0.028063492063492068,0.17936507936507934,0.22681227815929525,26.866369407690144
hotel_7,AutoARIMA,-0.007577630711690613,0.12256775441986711,0.14341711998206444,29.888291616298456
hotel_7,NHITS,-0.01149371945411452,0.13214468259612255,0.16450656049672355,31.241428225627725
hotel_7,NBEATS,-0.029066061100581457,0.13711340567257416,0.17060733290521507,32.63175669258482
hotel_7,AutoETS,-0.04591221250189722,0.13728291703320739,0.16626573153156438,34.68102428411875
hotel_7,SeasonalNaive,-0.04416007445323406,0.1419962773382969,0.17945245516275857,34.58506950949234
hotel_7,LGBMRegressor,-0.07770459084814045,0.14792495677592504,0.19094594638744253,39.28266269503986
hotel_7,Naive,-0.15774778966961378,0.18206142391810143,0.23415892820300846,50.59417706363587
hotel_70,Naive,0.014473684210526328,0.06466165413533835,0.08358029623771338,16.453156051306184
hotel_70,AutoARIMA,0.03846842831581909,0.07459188250318866,0.09934325065446103,18.102239397324173
hotel_70,LGBMRegressor,0.035256000351712384,0.07586796902701402,0.09960250095184586,17.677068275386617
hotel_70,AutoETS,0.08645781751010878,0.09423327262166989,0.1180106564129263,21.64294684587803
hotel_70,NHITS,0.03892250106224141,0.09591763834083887,0.12230787458223746,23.9906356401468
hotel_70,NBEATS,0.04589623023842212,0.10086661746776791,0.12601420563258856,25.32721330890242
hotel_70,SeasonalNaive,0.05294486215538848,0.10983709273182958,0.1404154769878485,26.4936954149954
hotel_84,NHITS,0.021705266924642183,0.12475020108957194,0.15231809788387635,19.12693014056174
hotel_84,LGBMRegressor,0.05381065609596502,0.1308184799308499,0.16318659336346025,18.826751954378654
hotel_84,AutoARIMA,0.046595823851283316,0.13423770580488906,0.16477529388537107,19.638932735941687
hotel_84,AutoETS,0.061136091737932524,0.14139363924469425,0.1715509973313001,20.467176432577197
hotel_84,Naive,-0.04819574888779043,0.15165595650024719,0.200608928193706,25.64336871028981
hotel_84,SeasonalNaive,0.031389026198714774,0.15748887790410282,0.1960309810477694,22.92448020046254
hotel_84,NBEATS,-0.08620609333918229,0.16524183980115145,0.2140401591637167,28.442839960354966
hotel_91,NBEATS,-0.003829947281419567,0.13393739683861527,0.17752194919374037,19.033070364409724
hotel_91,NHITS,0.004311076064936414,0.13954789676310353,0.17550880638185162,19.320624096005155
hotel_91,AutoETS,-0.0027292534735572104,0.14274165304064823,0.19231867848097578,19.914198761550022
hotel_91,LGBMRegressor,0.034214941270100496,0.15011577216828498,0.1822699044123517,19.772425009615898
hotel_91,AutoARIMA,0.030726696069644382,0.15093557377541195,0.1843827396950269,20.534054774384384
hotel_91,Naive,-0.014767255216693443,0.1595505617977528,0.22121261046147234,22.878634193261124
hotel_91,SeasonalNaive,0.027929373996789724,0.19357945425361156,0.24776673069936608,25.258968497667112
hotel_98,AutoARIMA,0.022918685309188547,0.11302399359000206,0.15005568227238655,54.10606666177973
hotel_98,NHITS,0.046903265477050836,0.12252263579912451,0.1656955527854555,61.00017671031094
hotel_98,NBEATS,0.04252436692882243,0.12648186445373547,0.17526955349664017,58.94709989461367
hotel_98,SeasonalNaive,0.008640552995391704,0.1476958525345622,0.20490854791170643,69.83018434199327
hotel_98,AutoETS,0.017762561348150616,0.15439095696346544,0.18915448480096714,74.14850622154509
hotel_98,LGBMRegressor,-0.0417427484031577,0.16052999042704336,0.1863826436478931,98.41478375648792
hotel_98,Naive,-0.06301843317972348,0.1846774193548387,0.21722502220517337,108.56597206679585
