index_x,unique_id,ds,Naive,SeasonalNaive,AutoARIMA,AutoETS,index_y,LGBMRegressor,index,NBEATS,NHITS
0,hotel_0,2023-06-03,0.691358024691358,0.9753086419753086,0.7688887033530285,0.6651701798416771,0,0.8020906114865893,0,0.816857,0.840888
1,hotel_0,2023-06-04,0.691358024691358,0.8888888888888888,0.6528064874298182,0.44619812577350415,1,0.5978720370027724,1,0.55666727,0.55161494
2,hotel_0,2023-06-05,0.691358024691358,0.2716049382716049,0.46871383987447274,0.4630176387175448,2,0.6067472101804673,2,0.6119751,0.5654366
3,hotel_0,2023-06-06,0.691358024691358,0.2962962962962963,0.5235681551297304,0.4974787656284047,3,0.6211930585487312,3,0.7251827,0.63020515
4,hotel_0,2023-06-07,0.691358024691358,0.3950617283950617,0.5867090204520703,0.49463782357505137,4,0.629974377059113,4,0.7181617,0.6890196
5,hotel_0,2023-06-08,0.691358024691358,0.43209876543209874,0.5946266564359065,0.5302349726523373,5,0.6053068183645101,5,0.73139185,0.7008584
6,hotel_0,2023-06-09,0.691358024691358,0.691358024691358,0.7015150822233158,0.6383032223681587,6,0.7187493264753898,6,0.8321651,0.8379189
7,hotel_0,2023-06-10,0.691358024691358,0.9753086419753086,0.7517429893606264,0.6651701798416771,7,0.8526846322780889,7,0.9340155,0.909332
8,hotel_0,2023-06-11,0.691358024691358,0.8888888888888888,0.6969647198000811,0.44619812577350415,8,0.6016985896890718,8,0.5938987,0.5942474
9,hotel_0,2023-06-12,0.691358024691358,0.2716049382716049,0.5135811808860375,0.4630176387175448,9,0.6503606089222753,9,0.6604051,0.56024635
10,hotel_0,2023-06-13,0.691358024691358,0.2962962962962963,0.5363973453767802,0.4974787656284047,10,0.655156125595163,10,0.7841017,0.66261363
11,hotel_0,2023-06-14,0.691358024691358,0.3950617283950617,0.576728524954384,0.49463782357505137,11,0.6823721022962869,11,0.8096816,0.70011955
12,hotel_0,2023-06-15,0.691358024691358,0.43209876543209874,0.5867528565400807,0.5302349726523373,12,0.6664841858577167,12,0.8380493,0.72719085
13,hotel_0,2023-06-16,0.691358024691358,0.691358024691358,0.6734318642200213,0.6383032223681587,13,0.7356160601783459,13,0.92836905,0.84433407
14,hotel_0,2023-06-17,0.691358024691358,0.9753086419753086,0.7052810634838342,0.6651701798416771,14,0.8111258993305988,14,0.9788566,0.92523944
15,hotel_0,2023-06-18,0.691358024691358,0.8888888888888888,0.6642413574670256,0.44619812577350415,15,0.5872812718635183,15,0.62101233,0.5941675
16,hotel_0,2023-06-19,0.691358024691358,0.2716049382716049,0.5678529140201954,0.4630176387175448,16,0.5522210815129045,16,0.6207221,0.5813819
17,hotel_0,2023-06-20,0.691358024691358,0.2962962962962963,0.5862563907388308,0.4974787656284047,17,0.6425733994613018,17,0.7351655,0.64932525
18,hotel_0,2023-06-21,0.691358024691358,0.3950617283950617,0.6120008861101389,0.49463782357505137,18,0.6834464921789255,18,0.7531461,0.6841136
19,hotel_0,2023-06-22,0.691358024691358,0.43209876543209874,0.6168406370674555,0.5302349726523373,19,0.6821019349376211,19,0.82171273,0.71053857
20,hotel_0,2023-06-23,0.691358024691358,0.691358024691358,0.6663886721539208,0.6383032223681587,20,0.7540052575572911,20,0.92070186,0.820412
21,hotel_0,2023-06-24,0.691358024691358,0.9753086419753086,0.6867914627963332,0.6651701798416771,21,0.8430591801294117,21,0.9839527,0.91152054
22,hotel_0,2023-06-25,0.691358024691358,0.8888888888888888,0.6624961883847065,0.44619812577350415,22,0.6186007683762745,22,0.634553,0.5929041
23,hotel_0,2023-06-26,0.691358024691358,0.2716049382716049,0.5944578609017889,0.4630176387175448,23,0.6033026444876056,23,0.64349395,0.5666779
24,hotel_0,2023-06-27,0.691358024691358,0.2962962962962963,0.6050021829685697,0.4974787656284047,24,0.6491816754506832,24,0.7753635,0.6336885
25,hotel_0,2023-06-28,0.691358024691358,0.3950617283950617,0.6214400199010698,0.49463782357505137,25,0.690004830918753,25,0.8049428,0.6910623
26,hotel_0,2023-06-29,0.691358024691358,0.43209876543209874,0.6250200810766658,0.5302349726523373,26,0.6845134520827039,26,0.7631139,0.6815788
27,hotel_0,2023-06-30,0.691358024691358,0.691358024691358,0.658472971888251,0.6383032223681587,27,0.7309274537872543,27,0.8666008,0.80600584
28,hotel_105,2023-06-03,0.949685534591195,1.0,0.9664051522215633,1.0167414209470118,28,0.9628093548511478,28,0.9911119,0.985758
29,hotel_105,2023-06-04,0.949685534591195,0.9056603773584906,0.8834538070662173,0.799594433828028,29,0.8881947318312196,29,0.81895757,0.81379175
30,hotel_105,2023-06-05,0.949685534591195,0.9182389937106918,0.9218135910520796,0.9239283380250877,30,0.9054635970718967,30,0.9027833,0.89529824
31,hotel_105,2023-06-06,0.949685534591195,0.9748427672955975,0.939185583228664,0.9641710582387015,31,0.9413088991093083,31,0.97889495,0.9734543
32,hotel_105,2023-06-07,0.949685534591195,1.0125786163522013,0.9653105251136082,0.9588699457111701,32,0.9885740966591045,32,0.97378457,0.9709973
33,hotel_105,2023-06-08,0.949685534591195,0.8930817610062893,0.906102146759469,0.8574510781853502,33,0.9521356411840739,33,0.90661955,0.89543957
34,hotel_105,2023-06-09,0.949685534591195,0.949685534591195,0.9453847176615141,0.9748835792868034,34,0.9659887623488129,34,0.962107,0.9549378
35,hotel_105,2023-06-10,0.949685534591195,1.0,0.9488474520653645,1.0167414209470118,35,0.9579954561724484,35,1.0074188,0.97475326
36,hotel_105,2023-06-11,0.949685534591195,0.9056603773584906,0.8901813081122005,0.799594433828028,36,0.8680228732312877,36,0.81524754,0.8034809
37,hotel_105,2023-06-12,0.949685534591195,0.9182389937106918,0.9071840030546588,0.9239283380250877,37,0.9069086007681979,37,0.89952576,0.88908345
38,hotel_105,2023-06-13,0.949685534591195,0.9748427672955975,0.9311973249588017,0.9641710582387015,38,0.9428354989287421,38,0.96694666,0.9623913
39,hotel_105,2023-06-14,0.949685534591195,1.0125786163522013,0.9521516016804481,0.9588699457111701,39,0.9666558336410005,39,0.984216,0.9649143
40,hotel_105,2023-06-15,0.949685534591195,0.8930817610062893,0.8935932669603419,0.8574510781853502,40,0.9290779263522643,40,0.9053316,0.89970946
41,hotel_105,2023-06-16,0.949685534591195,0.949685534591195,0.9251095444834783,0.9748835792868034,41,0.9451141097086349,41,0.9853255,0.96136576
42,hotel_105,2023-06-17,0.949685534591195,1.0,0.9316355585305071,1.0167414209470118,42,0.9605353387796826,42,0.9900717,0.9822011
43,hotel_105,2023-06-18,0.949685534591195,0.9056603773584906,0.885018690536866,0.799594433828028,43,0.8866840368716272,43,0.8043258,0.80141854
44,hotel_105,2023-06-19,0.949685534591195,0.9182389937106918,0.9031111401501729,0.9239283380250877,44,0.9216347101925462,44,0.9152499,0.8781687
45,hotel_105,2023-06-20,0.949685534591195,0.9748427672955975,0.9168541729385526,0.9641710582387015,45,0.9318137462624075,45,0.9660651,0.94567657
46,hotel_105,2023-06-21,0.949685534591195,1.0125786163522013,0.9323685112897008,0.9588699457111701,46,0.9599992421137064,46,0.97407216,0.9487805
47,hotel_105,2023-06-22,0.949685534591195,0.8930817610062893,0.8934223462250181,0.8574510781853502,47,0.9391132400647523,47,0.9186266,0.8924313
48,hotel_105,2023-06-23,0.949685534591195,0.949685534591195,0.9167590079766107,0.9748835792868034,48,0.9646930659998908,48,0.95049536,0.940486
49,hotel_105,2023-06-24,0.949685534591195,1.0,0.9200897558827065,1.0167414209470118,49,0.9658143462748301,49,0.94782114,0.96505326
50,hotel_105,2023-06-25,0.949685534591195,0.9056603773584906,0.8853848716307213,0.799594433828028,50,0.8952212325594645,50,0.7748439,0.79522765
51,hotel_105,2023-06-26,0.949685534591195,0.9182389937106918,0.897000904106181,0.9239283380250877,51,0.9282469451247419,51,0.8415051,0.88134044
52,hotel_105,2023-06-27,0.949685534591195,0.9748427672955975,0.9093877682869752,0.9641710582387015,52,0.9382428934804191,52,0.9219983,0.94826555
53,hotel_105,2023-06-28,0.949685534591195,1.0125786163522013,0.9213956038921041,0.9588699457111701,53,0.9435297535273648,53,0.93126875,0.9486856
54,hotel_105,2023-06-29,0.949685534591195,0.8930817610062893,0.8893374398080117,0.8574510781853502,54,0.9293523592911809,54,0.87867045,0.8873943
55,hotel_105,2023-06-30,0.949685534591195,0.949685534591195,0.9073992562805442,0.9748835792868034,55,0.9460913863870457,55,0.9594172,0.94501805
56,hotel_112,2023-06-03,0.75625,1.0125,0.8184366991977514,0.8246688943418579,56,0.8435803227798809,56,0.8468839,0.8528053
57,hotel_112,2023-06-04,0.75625,0.93125,0.8465974914533254,0.7903376527173144,57,0.8175634907646511,57,0.876051,0.8667111
58,hotel_112,2023-06-05,0.75625,0.9375,0.8433010652006284,0.8434935376375269,58,0.8870050199921322,58,0.9030118,0.9356486
59,hotel_112,2023-06-06,0.75625,0.7875,0.8464552128014065,0.8447242050752105,59,0.9051424731584377,59,0.91608703,0.9618799
60,hotel_112,2023-06-07,0.75625,0.98125,0.8676329054614254,0.8678157012113104,60,0.9194730704598943,60,0.90570116,0.9680104
61,hotel_112,2023-06-08,0.75625,0.75,0.857055836702161,0.8556846176835139,61,0.886931510524964,61,0.8891332,0.93738145
62,hotel_112,2023-06-09,0.75625,0.75625,0.8668330936328585,0.8218651744936931,62,0.8774332369995276,62,0.89626104,0.9089087
63,hotel_112,2023-06-10,0.75625,1.0125,0.8789042139890588,0.8246688943418579,63,0.9011083629250549,63,0.92635167,0.93851364
64,hotel_112,2023-06-11,0.75625,0.93125,0.867357392787178,0.7903376527173144,64,0.7943411195967041,64,0.9129614,0.9195041
65,hotel_112,2023-06-12,0.75625,0.9375,0.8703776090697752,0.8434935376375269,65,0.8526819471382702,65,0.93792677,0.95571434
66,hotel_112,2023-06-13,0.75625,0.7875,0.8419546751226007,0.8447242050752105,66,0.8898925528429135,66,0.9535719,0.9877117
67,hotel_112,2023-06-14,0.75625,0.98125,0.8839694801080131,0.8678157012113104,67,0.9312514301446574,67,0.9494099,0.98604244
68,hotel_112,2023-06-15,0.75625,0.75,0.8374428099936679,0.8556846176835139,68,0.8928983853228336,68,0.9247682,0.95113313
69,hotel_112,2023-06-16,0.75625,0.75625,0.8402423194438874,0.8218651744936931,69,0.906045892566057,69,0.89929307,0.92390126
70,hotel_112,2023-06-17,0.75625,1.0125,0.8543438681672876,0.8246688943418579,70,0.9083344120199722,70,0.9277923,0.9437712
71,hotel_112,2023-06-18,0.75625,0.93125,0.8595620241761269,0.7903376527173144,71,0.7154566165430732,71,0.90048295,0.9370504
72,hotel_112,2023-06-19,0.75625,0.9375,0.8595001777238689,0.8434935376375269,72,0.807665893999357,72,0.9376907,0.95480907
73,hotel_112,2023-06-20,0.75625,0.7875,0.858143335584529,0.8447242050752105,73,0.865510959314387,73,0.9252898,0.9656747
74,hotel_112,2023-06-21,0.75625,0.98125,0.8659997887457698,0.8678157012113104,74,0.8877601388207322,74,0.93056905,0.9739184
75,hotel_112,2023-06-22,0.75625,0.75,0.8603139354655822,0.8556846176835139,75,0.8753587950012383,75,0.9252776,0.942633
76,hotel_112,2023-06-23,0.75625,0.75625,0.8626452877207605,0.8218651744936931,76,0.9049346538620008,76,0.92291856,0.9080482
77,hotel_112,2023-06-24,0.75625,1.0125,0.8663147450724333,0.8246688943418579,77,0.8713738077544774,77,0.9321924,0.92782396
78,hotel_112,2023-06-25,0.75625,0.93125,0.8644858486565505,0.7903376527173144,78,0.7305667346060997,78,0.89026713,0.91222256
79,hotel_112,2023-06-26,0.75625,0.9375,0.8651546356841618,0.8434935376375269,79,0.7969128518737121,79,0.9222287,0.9452919
80,hotel_112,2023-06-27,0.75625,0.7875,0.8593630809508634,0.8447242050752105,80,0.8506553814371234,80,0.92571807,0.9605197
81,hotel_112,2023-06-28,0.75625,0.98125,0.8685065680504448,0.8678157012113104,81,0.8960358458440477,81,0.937736,0.9709549
82,hotel_112,2023-06-29,0.75625,0.75,0.8586970083580799,0.8556846176835139,82,0.8712067278808253,82,0.89201826,0.92002606
83,hotel_112,2023-06-30,0.75625,0.75625,0.8594724677043557,0.8218651744936931,83,0.8914125098580946,83,0.87452894,0.8883228
84,hotel_126,2023-06-03,1.00398406374502,1.0079681274900398,1.0149028955436625,0.997042006636073,84,0.9859395608246591,84,1.0066797,1.0121799
85,hotel_126,2023-06-04,1.00398406374502,0.9880478087649402,1.0007805782199937,0.9309823494265196,85,0.9489585733519378,85,0.9858151,0.9892398
86,hotel_126,2023-06-05,1.00398406374502,0.9641434262948207,0.9974317075837666,0.9204551391003566,86,0.9494825011356289,86,0.98224086,0.99376094
87,hotel_126,2023-06-06,1.00398406374502,0.9641434262948207,0.9906267961111205,0.9251424968147317,87,0.9599428674009274,87,1.003537,1.009678
88,hotel_126,2023-06-07,1.00398406374502,1.00398406374502,0.9871551041173474,0.9306592414986323,88,0.9679697348227104,88,1.001077,1.0082409
89,hotel_126,2023-06-08,1.00398406374502,0.8047808764940239,0.9519928298135882,0.9211975136756855,89,0.9269313725726677,89,0.9706871,0.9815366
90,hotel_126,2023-06-09,1.00398406374502,1.00398406374502,0.9851454983998265,0.9943267550499054,90,0.9791719655678841,90,1.0010903,1.0018319
91,hotel_126,2023-06-10,1.00398406374502,1.0079681274900398,0.9936614283874733,0.997042006636073,91,0.9945825026580357,91,1.0051568,1.013022
92,hotel_126,2023-06-11,1.00398406374502,0.9880478087649402,0.9768991073748913,0.9309823494265196,92,0.9319760910286942,92,0.9769953,0.98571837
93,hotel_126,2023-06-12,1.00398406374502,0.9641434262948207,0.9784922002354947,0.9204551391003566,93,0.9406717127004742,93,0.98405635,0.99138093
94,hotel_126,2023-06-13,1.00398406374502,0.9641434262948207,0.9801730086427649,0.9251424968147317,94,0.9582825657398093,94,0.99958044,1.0138398
95,hotel_126,2023-06-14,1.00398406374502,1.00398406374502,0.9872893769114806,0.9306592414986323,95,0.9570333593889743,95,0.99966,1.0049323
96,hotel_126,2023-06-15,1.00398406374502,0.8047808764940239,0.9368260498749588,0.9211975136756855,96,0.9296688538669265,96,0.96187097,0.97603625
97,hotel_126,2023-06-16,1.00398406374502,1.00398406374502,0.9885937743174416,0.9943267550499054,97,0.9734056203908225,97,0.9974211,0.997648
98,hotel_126,2023-06-17,1.00398406374502,1.0079681274900398,0.9945654799090594,0.997042006636073,98,0.9856977197442223,98,0.9972663,1.0093461
99,hotel_126,2023-06-18,1.00398406374502,0.9880478087649402,0.9809781069413004,0.9309823494265196,99,0.9167349874086745,99,0.9710962,0.9790932
100,hotel_126,2023-06-19,1.00398406374502,0.9641434262948207,0.9831738524936489,0.9204551391003566,100,0.9447672709261233,100,0.97797775,0.9869567
101,hotel_126,2023-06-20,1.00398406374502,0.9641434262948207,0.9830459321890341,0.9251424968147317,101,0.956963054368413,101,0.9961809,1.0032296
102,hotel_126,2023-06-21,1.00398406374502,1.00398406374502,0.9852771174518384,0.9306592414986323,102,0.9588021202860885,102,0.9825818,1.0069356
103,hotel_126,2023-06-22,1.00398406374502,0.8047808764940239,0.9537958754135045,0.9211975136756855,103,0.9406249468940944,103,0.95710397,0.97992617
104,hotel_126,2023-06-23,1.00398406374502,1.00398406374502,0.98554918463757,0.9943267550499054,104,0.9608027171781867,104,0.98613554,0.99500716
105,hotel_126,2023-06-24,1.00398406374502,1.0079681274900398,0.9913056218630101,0.997042006636073,105,0.9558552939255771,105,0.9890555,1.0087171
106,hotel_126,2023-06-25,1.00398406374502,0.9880478087649402,0.9790756302419775,0.9309823494265196,106,0.9008428486618744,106,0.96249473,0.9848364
107,hotel_126,2023-06-26,1.00398406374502,0.9641434262948207,0.9804073177198375,0.9204551391003566,107,0.9249873581128518,107,0.973726,0.9899574
108,hotel_126,2023-06-27,1.00398406374502,0.9641434262948207,0.981110150553489,0.9251424968147317,108,0.9447079570687203,108,0.99213165,1.0029297
109,hotel_126,2023-06-28,1.00398406374502,1.00398406374502,0.9851352823718861,0.9306592414986323,109,0.9592188254048026,109,0.9906031,1.0044694
110,hotel_126,2023-06-29,1.00398406374502,0.8047808764940239,0.9516431826659615,0.9211975136756855,110,0.9278817482606612,110,0.9606582,0.9741013
111,hotel_126,2023-06-30,1.00398406374502,1.00398406374502,0.9858412399330684,0.9943267550499054,111,0.9669299955422718,111,0.9986675,0.9954294
112,hotel_133,2023-06-03,0.9836065573770492,1.0,0.95417695349893,1.037077370061083,112,0.9672138859948392,112,0.9863198,0.98178
113,hotel_133,2023-06-04,0.9836065573770492,0.9016393442622951,0.8362939237363158,0.8576544559535373,113,0.8939808494963302,113,0.86208725,0.83973575
114,hotel_133,2023-06-05,0.9836065573770492,0.8524590163934426,0.8411596126812655,0.889043604439115,114,0.9123091978355736,114,0.89914274,0.8823315
115,hotel_133,2023-06-06,0.9836065573770492,0.8688524590163934,0.8762922351605176,0.9057531881610257,115,0.91498089600172,115,0.9575312,0.94277793
116,hotel_133,2023-06-07,0.9836065573770492,1.0,0.9357113476547017,0.9245417494255395,116,0.939020382288236,116,0.97323483,0.9740565
117,hotel_133,2023-06-08,0.9836065573770492,1.0,0.949132735303234,0.9386354692108162,117,0.9441570920469691,117,0.9819486,0.9735199
118,hotel_133,2023-06-09,0.9836065573770492,0.9836065573770492,0.9705728227570347,1.0068598429153672,118,0.9652847308172046,118,0.98384804,0.9962805
119,hotel_133,2023-06-10,0.9836065573770492,1.0,0.9559550636292219,1.037077370061083,119,0.9700586319108061,119,1.0012901,0.9859576
120,hotel_133,2023-06-11,0.9836065573770492,0.9016393442622951,0.8509669066641555,0.8576544559535373,120,0.8923063644556075,120,0.87128454,0.84680593
121,hotel_133,2023-06-12,0.9836065573770492,0.8524590163934426,0.8493827569702367,0.889043604439115,121,0.8926842371808633,121,0.9072697,0.88538694
122,hotel_133,2023-06-13,0.9836065573770492,0.8688524590163934,0.8800059980596102,0.9057531881610257,122,0.912356652537381,122,0.95814705,0.9511649
123,hotel_133,2023-06-14,0.9836065573770492,1.0,0.9415597546735743,0.9245417494255395,123,0.9142179979749037,123,0.9788775,0.9677086
124,hotel_133,2023-06-15,0.9836065573770492,1.0,0.9529388140734573,0.9386354692108162,124,0.920489390616724,124,0.975626,0.9697662
125,hotel_133,2023-06-16,0.9836065573770492,0.9836065573770492,0.9691688133553801,1.0068598429153672,125,0.9521934702486818,125,0.99204695,0.99315834
126,hotel_133,2023-06-17,0.9836065573770492,1.0,0.9544692142519128,1.037077370061083,126,0.9520550553519617,126,0.9946171,0.99312943
127,hotel_133,2023-06-18,0.9836065573770492,0.9016393442622951,0.857172880576192,0.8576544559535373,127,0.88000548952673,127,0.8648697,0.84019184
128,hotel_133,2023-06-19,0.9836065573770492,0.8524590163934426,0.8563563964798423,0.889043604439115,128,0.9096748255775517,128,0.9119854,0.8922452
129,hotel_133,2023-06-20,0.9836065573770492,0.8688524590163934,0.884835421977483,0.9057531881610257,129,0.9134848903567314,129,0.9481487,0.9431519
130,hotel_133,2023-06-21,0.9836065573770492,1.0,0.9410011287664288,0.9245417494255395,130,0.9186509432367569,130,0.99149466,0.9802684
131,hotel_133,2023-06-22,0.9836065573770492,1.0,0.951617888788559,0.9386354692108162,131,0.9293201510250343,131,0.9852361,0.9750676
132,hotel_133,2023-06-23,0.9836065573770492,0.9836065573770492,0.9669713591298892,1.0068598429153672,132,0.9468908449157746,132,0.9854338,0.9905472
133,hotel_133,2023-06-24,0.9836065573770492,1.0,0.9535231119287513,1.037077370061083,133,0.9637236257445415,133,0.99246806,1.0004683
134,hotel_133,2023-06-25,0.9836065573770492,0.9016393442622951,0.8637210762910338,0.8576544559535373,134,0.8928672069041024,134,0.86592126,0.85812163
135,hotel_133,2023-06-26,0.9836065573770492,0.8524590163934426,0.8629021335906313,0.889043604439115,135,0.91283738226546,135,0.8767401,0.88753164
136,hotel_133,2023-06-27,0.9836065573770492,0.8688524590163934,0.8891783634157899,0.9057531881610257,136,0.9085862448659172,136,0.95236605,0.9426853
137,hotel_133,2023-06-28,0.9836065573770492,1.0,0.9411081716437932,0.9245417494255395,137,0.9223018929305171,137,0.9804212,0.9748856
138,hotel_133,2023-06-29,0.9836065573770492,1.0,0.9509002538113212,0.9386354692108162,138,0.9273511963297358,138,0.9812263,0.9681345
139,hotel_133,2023-06-30,0.9836065573770492,0.9836065573770492,0.9650397028990038,1.0068598429153672,139,0.9405910964362941,139,1.0009063,0.9990866
140,hotel_14,2023-06-03,0.5660377358490566,0.6981132075471698,0.6647320008197153,0.5856228761722997,140,0.6644687224087099,140,0.6407388,0.64408016
141,hotel_14,2023-06-04,0.5660377358490566,0.4811320754716981,0.5358726259570746,0.3625967115481431,141,0.5396246480113392,141,0.40040123,0.40927023
142,hotel_14,2023-06-05,0.5660377358490566,0.37735849056603776,0.5052048666337638,0.45754845204892763,142,0.6095473450402835,142,0.4672206,0.45402318
143,hotel_14,2023-06-06,0.5660377358490566,0.49056603773584906,0.587358813838514,0.5421698752690773,143,0.6595474585154003,143,0.5473455,0.55979717
144,hotel_14,2023-06-07,0.5660377358490566,0.5471698113207547,0.6076349603988022,0.5653450658290413,144,0.6781578469553774,144,0.5915162,0.60267043
145,hotel_14,2023-06-08,0.5660377358490566,0.5188679245283019,0.5776326576629804,0.5209390832107407,145,0.652818717916841,145,0.5810397,0.58259493
146,hotel_14,2023-06-09,0.5660377358490566,0.5660377358490566,0.6214548110708102,0.5554432718610073,146,0.7253096681211973,146,0.68647873,0.66964173
147,hotel_14,2023-06-10,0.5660377358490566,0.6981132075471698,0.6947239023312474,0.5856228761722997,147,0.7606585769304351,147,0.72666675,0.693594
148,hotel_14,2023-06-11,0.5660377358490566,0.4811320754716981,0.5893359807381131,0.3625967115481431,148,0.535922738722424,148,0.41971233,0.42434475
149,hotel_14,2023-06-12,0.5660377358490566,0.37735849056603776,0.5513746152005604,0.45754845204892763,149,0.6758274208728441,149,0.5074267,0.46750644
150,hotel_14,2023-06-13,0.5660377358490566,0.49056603773584906,0.6126769332783569,0.5421698752690773,150,0.7001753224497496,150,0.5892673,0.5676768
151,hotel_14,2023-06-14,0.5660377358490566,0.5471698113207547,0.6349927651829634,0.5653450658290413,151,0.6881291338334949,151,0.6182888,0.5953946
152,hotel_14,2023-06-15,0.5660377358490566,0.5188679245283019,0.6159384205012144,0.5209390832107407,152,0.6683092819937394,152,0.6189418,0.5738729
153,hotel_14,2023-06-16,0.5660377358490566,0.5660377358490566,0.6452961352889999,0.5554432718610073,153,0.7255549819836878,153,0.70293254,0.6630189
154,hotel_14,2023-06-17,0.5660377358490566,0.6981132075471698,0.699305276076667,0.5856228761722997,154,0.7745985953468381,154,0.7141123,0.68796456
155,hotel_14,2023-06-18,0.5660377358490566,0.4811320754716981,0.6249089083786119,0.3625967115481431,155,0.5804726832774862,155,0.45927423,0.420716
156,hotel_14,2023-06-19,0.5660377358490566,0.37735849056603776,0.6020403099700405,0.45754845204892763,156,0.6605835048652079,156,0.51092434,0.45840988
157,hotel_14,2023-06-20,0.5660377358490566,0.49056603773584906,0.6471161611116294,0.5421698752690773,157,0.6963885268378452,157,0.5649041,0.5709096
158,hotel_14,2023-06-21,0.5660377358490566,0.5471698113207547,0.66112313378022,0.5653450658290413,158,0.7155474707428755,158,0.6212927,0.6075545
159,hotel_14,2023-06-22,0.5660377358490566,0.5188679245283019,0.6459992148804078,0.5209390832107407,159,0.7289604424014507,159,0.6114813,0.59663314
160,hotel_14,2023-06-23,0.5660377358490566,0.5660377358490566,0.6687026971380501,0.5554432718610073,160,0.7579815366910853,160,0.70591736,0.6872159
161,hotel_14,2023-06-24,0.5660377358490566,0.6981132075471698,0.708636258403097,0.5856228761722997,161,0.7726461690943522,161,0.7304201,0.7101569
162,hotel_14,2023-06-25,0.5660377358490566,0.4811320754716981,0.6525160800322365,0.3625967115481431,162,0.5785392411515816,162,0.46087712,0.44222826
163,hotel_14,2023-06-26,0.5660377358490566,0.37735849056603776,0.6338768846751894,0.45754845204892763,163,0.5553577073609116,163,0.48920622,0.4870782
164,hotel_14,2023-06-27,0.5660377358490566,0.49056603773584906,0.6672431621047047,0.5421698752690773,164,0.6442773290039234,164,0.5827256,0.59985423
165,hotel_14,2023-06-28,0.5660377358490566,0.5471698113207547,0.6784263319960872,0.5653450658290413,165,0.6968007079627779,165,0.6240521,0.6217769
166,hotel_14,2023-06-29,0.5660377358490566,0.5188679245283019,0.6676088836518999,0.5209390832107407,166,0.6808902743298741,166,0.6496786,0.61425483
167,hotel_14,2023-06-30,0.5660377358490566,0.5660377358490566,0.6840357511135586,0.5554432718610073,167,0.7100716504521972,167,0.73506737,0.70564073
168,hotel_21,2023-06-03,1.0,1.0092592592592593,1.016945337507812,0.9965671900805182,168,0.9739965094249518,168,1.0130664,1.0132161
169,hotel_21,2023-06-04,1.0,1.0046296296296295,0.9571505033306643,0.9338321213004529,169,0.954842164040914,169,0.95902264,0.97962713
170,hotel_21,2023-06-05,1.0,0.75,0.9282317136162485,0.9388737130839176,170,0.8969835321430862,170,0.9033333,0.91643053
171,hotel_21,2023-06-06,1.0,0.75,0.9559672089971948,0.9832132560252524,171,0.8961557675511659,171,0.94830066,0.94291836
172,hotel_21,2023-06-07,1.0,0.8981481481481481,0.9743969994832338,1.0058085506131955,172,0.9007845804523077,172,0.9668527,0.9742163
173,hotel_21,2023-06-08,1.0,0.9444444444444444,0.9740090812929051,1.0019568781737052,173,0.8993662779321285,173,0.97105324,0.9800146
174,hotel_21,2023-06-09,1.0,1.0,0.9679790965623747,0.9885692352917795,174,0.9630966747378349,174,0.9918315,0.9871379
175,hotel_21,2023-06-10,1.0,1.0092592592592593,0.9914702484658845,0.9965671900805182,175,0.9596436568203558,175,1.0119367,1.009784
176,hotel_21,2023-06-11,1.0,1.0046296296296295,0.9467525428833454,0.9338321213004529,176,0.8948444515030398,176,0.94230425,0.97725713
177,hotel_21,2023-06-12,1.0,0.75,0.8996077566172674,0.9388737130839176,177,0.9084563421781069,177,0.8892951,0.90946543
178,hotel_21,2023-06-13,1.0,0.75,0.9241572963758364,0.9832132560252524,178,0.882922721172857,178,0.93523014,0.94963694
179,hotel_21,2023-06-14,1.0,0.8981481481481481,0.9563895895750257,1.0058085506131955,179,0.8522886657777983,179,0.9569723,0.97856766
180,hotel_21,2023-06-15,1.0,0.9444444444444444,0.9625946144638193,1.0019568781737052,180,0.8744334996484431,180,0.9640512,0.97394407
181,hotel_21,2023-06-16,1.0,1.0,0.9653527223024511,0.9885692352917795,181,0.9268201910652997,181,0.975091,0.9806086
182,hotel_21,2023-06-17,1.0,1.0092592592592593,0.9874717591085039,0.9965671900805182,182,0.9712221592870772,182,0.997284,1.005208
183,hotel_21,2023-06-18,1.0,1.0046296296296295,0.9460770406773531,0.9338321213004529,183,0.9035260790452183,183,0.94358134,0.96840364
184,hotel_21,2023-06-19,1.0,0.75,0.902379449671688,0.9388737130839176,184,0.9218248599756298,184,0.898301,0.9063196
185,hotel_21,2023-06-20,1.0,0.75,0.9253457519689697,0.9832132560252524,185,0.9242799304070851,185,0.9310187,0.9333181
186,hotel_21,2023-06-21,1.0,0.8981481481481481,0.9554319604229302,1.0058085506131955,186,0.8941632656711922,186,0.9446787,0.9719579
187,hotel_21,2023-06-22,1.0,0.9444444444444444,0.9612827466372097,1.0019568781737052,187,0.8755962959743742,187,0.9511888,0.9764336
188,hotel_21,2023-06-23,1.0,1.0,0.963909864911968,0.9885692352917795,188,0.921940585495727,188,0.9693302,0.9803175
189,hotel_21,2023-06-24,1.0,1.0092592592592593,0.9845357011772762,0.9965671900805182,189,0.9298730283610646,189,0.9991107,1.0058432
190,hotel_21,2023-06-25,1.0,1.0046296296296295,0.9460626844988105,0.9338321213004529,190,0.8379863402515919,190,0.9517175,0.97716105
191,hotel_21,2023-06-26,1.0,0.75,0.9054391142633161,0.9388737130839176,191,0.8840108592742002,191,0.9037561,0.910156
192,hotel_21,2023-06-27,1.0,0.75,0.9268282997039126,0.9832132560252524,192,0.9072226996837304,192,0.92887574,0.93294215
193,hotel_21,2023-06-28,1.0,0.8981481481481481,0.954836324899477,1.0058085506131955,193,0.8927908551969538,193,0.94926304,0.97018945
194,hotel_21,2023-06-29,1.0,0.9444444444444444,0.9602936060361156,1.0019568781737052,194,0.8848287641740347,194,0.9583254,0.96916
195,hotel_21,2023-06-30,1.0,1.0,0.9627487629476702,0.9885692352917795,195,0.9380213150025555,195,0.9772615,0.9745307
196,hotel_28,2023-06-03,0.0,0.0,7.018307866135182e-05,0.003992629034369841,196,0.004275588254248048,196,0.0034550093,-0.0028313287
197,hotel_28,2023-06-04,0.0,0.0,1.7301321064412337e-05,0.008391101010824461,197,0.0016919013313546661,197,0.0031389669,-0.00043087453
198,hotel_28,2023-06-05,0.0,0.0,-3.2115476743861375e-05,0.008466188792888133,198,-0.002552670043252185,198,-0.000568565,0.0017618071
199,hotel_28,2023-06-06,0.0,0.0,-3.54682948077806e-05,0.00555630906273135,199,0.004092143081942492,199,-1.23614445e-05,0.0014513629
200,hotel_28,2023-06-07,0.0,0.0,-3.542312919033123e-05,0.002124819814513689,200,0.004092143081942492,200,0.007237885,0.0025479626
201,hotel_28,2023-06-08,0.0,0.0,-3.551503736836384e-05,-0.0007934133995693635,201,0.0041463217549372235,201,0.0014363751,0.0009565931
202,hotel_28,2023-06-09,0.0,0.0,-3.555696854161325e-05,-0.0013717229619371538,202,0.010336982144134605,202,0.0016490482,0.0014637075
203,hotel_28,2023-06-10,0.0,0.0,4.234424788204949e-05,0.003992629034369841,203,0.004275588254248048,203,0.009977542,0.0068879975
204,hotel_28,2023-06-11,0.0,0.0,7.728023141050306e-07,0.008391101010824461,204,0.0016919013313546661,204,0.006215241,0.0048134457
205,hotel_28,2023-06-12,0.0,0.0,-4.118597707562799e-05,0.008466188792888133,205,-0.002552670043252185,205,0.009729059,0.0044903792
206,hotel_28,2023-06-13,0.0,0.0,-4.201823020210118e-05,0.00555630906273135,206,0.004092143081942492,206,0.00912486,0.008183822
207,hotel_28,2023-06-14,0.0,0.0,-4.198163314045486e-05,0.002124819814513689,207,0.004092143081942492,207,0.0068301745,0.005447743
208,hotel_28,2023-06-15,0.0,0.0,-4.205926767611072e-05,-0.0007934133995693635,208,0.0041463217549372235,208,0.009297594,0.0018573496
209,hotel_28,2023-06-16,0.0,0.0,-4.2094690997197335e-05,-0.0013717229619371538,209,0.010336982144134605,209,0.0069112917,0.0040718494
210,hotel_28,2023-06-17,0.0,0.0,2.511363400243611e-05,0.003992629034369841,210,0.004275588254248048,210,0.0087444,0.004315883
211,hotel_28,2023-06-18,0.0,0.0,-1.189149511084418e-05,0.008391101010824461,211,0.0016919013313546661,211,0.010362952,0.0026054382
212,hotel_28,2023-06-19,0.0,0.0,-4.8992557390224214e-05,0.008466188792888133,212,-0.002552670043252185,212,0.011535525,0.0038509332
213,hotel_28,2023-06-20,0.0,0.0,-4.9920206812057276e-05,0.00555630906273135,213,0.004092143081942492,213,0.0073664617,0.0034848857
214,hotel_28,2023-06-21,0.0,0.0,-4.9885252810268075e-05,0.002124819814513689,214,0.004092143081942492,214,-0.002493512,0.0045848396
215,hotel_28,2023-06-22,0.0,0.0,-4.9957189430048676e-05,-0.0007934133995693635,215,0.0041463217549372235,215,0.006268695,0.0028336076
216,hotel_28,2023-06-23,0.0,0.0,-4.999001007241162e-05,-0.0013717229619371538,216,0.010336982144134605,216,0.0060048476,-0.00022611395
217,hotel_28,2023-06-24,0.0,0.0,1.1342501723565208e-05,0.003992629034369841,217,0.004275588254248048,217,0.009682253,0.0047646724
218,hotel_28,2023-06-25,0.0,0.0,-2.167846191242847e-05,0.008391101010824461,218,0.0016919013313546661,218,0.007150531,0.0064961836
219,hotel_28,2023-06-26,0.0,0.0,-5.494349734604763e-05,0.008466188792888133,219,-0.002552670043252185,219,0.012623325,0.006409399
220,hotel_28,2023-06-27,0.0,0.0,-5.565231119376597e-05,0.00555630906273135,220,0.004092143081942492,220,0.010823816,0.010630926
221,hotel_28,2023-06-28,0.0,0.0,-5.5622634071639944e-05,0.002124819814513689,221,0.004092143081942492,221,0.0073973015,0.008042343
222,hotel_28,2023-06-29,0.0,0.0,-5.568502372843148e-05,-0.0007934133995693635,222,0.0041463217549372235,222,0.008863643,0.0019759089
223,hotel_28,2023-06-30,0.0,0.0,-5.571349035028261e-05,-0.0013717229619371538,223,0.010336982144134605,223,0.013207406,0.0034378357
224,hotel_35,2023-06-03,0.55078125,0.515625,0.5381670586237031,0.5229484063078094,224,0.5336874678459018,224,0.5696998,0.5209185
225,hotel_35,2023-06-04,0.55078125,0.6015625,0.5299888085912816,0.5068543749575442,225,0.5155283063239324,225,0.58923835,0.5693742
226,hotel_35,2023-06-05,0.55078125,0.654296875,0.5704549794414192,0.5720222699067338,226,0.5955073282917345,226,0.6328867,0.6538206
227,hotel_35,2023-06-06,0.55078125,0.63671875,0.5809117305655382,0.6117736796790747,227,0.6842035962984649,227,0.67869884,0.72782254
228,hotel_35,2023-06-07,0.55078125,0.529296875,0.5576492813561517,0.6077387983316962,228,0.7196292291409835,228,0.65151477,0.69079137
229,hotel_35,2023-06-08,0.55078125,0.53125,0.5393713040830811,0.5874570023570584,229,0.7100841110344288,229,0.62046546,0.6460864
230,hotel_35,2023-06-09,0.55078125,0.55078125,0.5302040903872457,0.5545927122659294,230,0.7092373759900199,230,0.5995053,0.60927564
231,hotel_35,2023-06-10,0.55078125,0.515625,0.5185861528309728,0.5229484063078094,231,0.6513842006489429,231,0.5907119,0.55472845
232,hotel_35,2023-06-11,0.55078125,0.6015625,0.5110538112514087,0.5068543749575442,232,0.4928296538963244,232,0.57097137,0.58186346
233,hotel_35,2023-06-12,0.55078125,0.654296875,0.54832401209534,0.5720222699067338,233,0.6472746696948631,233,0.6486471,0.6742054
234,hotel_35,2023-06-13,0.55078125,0.63671875,0.5579549014625161,0.6117736796790747,234,0.7117972150953873,234,0.7201719,0.74738574
235,hotel_35,2023-06-14,0.55078125,0.529296875,0.5365296928020175,0.6077387983316962,235,0.7293533505582916,235,0.67434305,0.7067667
236,hotel_35,2023-06-15,0.55078125,0.53125,0.5196952884174021,0.5874570023570584,236,0.713187468134582,236,0.6393423,0.6481478
237,hotel_35,2023-06-16,0.55078125,0.55078125,0.5112520903473811,0.5545927122659294,237,0.7431426543216845,237,0.61022973,0.61895
238,hotel_35,2023-06-17,0.55078125,0.515625,0.5005517236702837,0.5229484063078094,238,0.7288542083899349,238,0.5582258,0.5498477
239,hotel_35,2023-06-18,0.55078125,0.6015625,0.49361427746280556,0.5068543749575442,239,0.5462467361819678,239,0.58181155,0.5772368
240,hotel_35,2023-06-19,0.55078125,0.654296875,0.5279409222074058,0.5720222699067338,240,0.6715247719249992,240,0.6447918,0.6551754
241,hotel_35,2023-06-20,0.55078125,0.63671875,0.5368111753961657,0.6117736796790747,241,0.7247804801260966,241,0.70446396,0.7222497
242,hotel_35,2023-06-21,0.55078125,0.529296875,0.5170781042129009,0.6077387983316962,242,0.7574918479542191,242,0.68782413,0.71163344
243,hotel_35,2023-06-22,0.55078125,0.53125,0.5015732610483188,0.5874570023570584,243,0.731479760667776,243,0.608092,0.663116
244,hotel_35,2023-06-23,0.55078125,0.55078125,0.4937968967117929,0.5545927122659294,244,0.7442632206108593,244,0.5698644,0.6172997
245,hotel_35,2023-06-24,0.55078125,0.515625,0.4839416322580331,0.5229484063078094,245,0.7647130837111,245,0.51093394,0.5451424
246,hotel_35,2023-06-25,0.55078125,0.6015625,0.47755209729426723,0.5068543749575442,246,0.5698613119541545,246,0.5314906,0.5786114
247,hotel_35,2023-06-26,0.55078125,0.654296875,0.5091676644964993,0.5720222699067338,247,0.6771125120538101,247,0.6176265,0.668607
248,hotel_35,2023-06-27,0.55078125,0.63671875,0.5173373556468167,0.6117736796790747,248,0.6892746544631884,248,0.66978645,0.7393018
249,hotel_35,2023-06-28,0.55078125,0.529296875,0.4991627789370124,0.6077387983316962,249,0.6982121429565069,249,0.67024666,0.71808773
250,hotel_35,2023-06-29,0.55078125,0.53125,0.4848824898299034,0.5874570023570584,250,0.6824009856037629,250,0.63171047,0.67485785
251,hotel_35,2023-06-30,0.55078125,0.55078125,0.4777202934923441,0.5545927122659294,251,0.7100716504521972,251,0.60680467,0.62479
252,hotel_42,2023-06-03,0.5789473684210527,1.0,0.7082569582315709,0.6235235371777318,252,0.757365252787527,252,0.66043174,0.64487654
253,hotel_42,2023-06-04,0.5789473684210527,0.9959514170040485,0.6261966102304143,0.2771541095301263,253,0.6782259064801849,253,0.4628306,0.47158027
254,hotel_42,2023-06-05,0.5789473684210527,0.21862348178137653,0.5512139106799542,0.3575462852718987,254,0.7732289427372819,254,0.56904286,0.5081643
255,hotel_42,2023-06-06,0.5789473684210527,0.25101214574898784,0.5714293011299985,0.46404466213726625,255,0.8435125010396654,255,0.69269717,0.63477606
256,hotel_42,2023-06-07,0.5789473684210527,0.27530364372469635,0.5511675970689678,0.44306693331262137,256,0.8085315858382806,256,0.7158601,0.6514844
257,hotel_42,2023-06-08,0.5789473684210527,0.30364372469635625,0.5937166720783428,0.44864531913861794,257,0.7718162814204096,257,0.70063806,0.6256141
258,hotel_42,2023-06-09,0.5789473684210527,0.5789473684210527,0.7231147966933763,0.5164536633446177,258,0.84714617133772,258,0.77392614,0.67335397
259,hotel_42,2023-06-10,0.5789473684210527,1.0,0.7497774553710729,0.6235235371777318,259,0.8474228569527421,259,0.8197471,0.70157135
260,hotel_42,2023-06-11,0.5789473684210527,0.9959514170040485,0.7327877930507517,0.2771541095301263,260,0.6295185064868488,260,0.47087973,0.49411356
261,hotel_42,2023-06-12,0.5789473684210527,0.21862348178137653,0.5187789903365914,0.3575462852718987,261,0.6341900014195211,261,0.5642005,0.49740237
262,hotel_42,2023-06-13,0.5789473684210527,0.25101214574898784,0.5310674384061393,0.46404466213726625,262,0.7126495251282488,262,0.63291746,0.61666197
263,hotel_42,2023-06-14,0.5789473684210527,0.27530364372469635,0.5333378319751036,0.44306693331262137,263,0.6402768427200052,263,0.71728575,0.6401116
264,hotel_42,2023-06-15,0.5789473684210527,0.30364372469635625,0.5489449895468652,0.44864531913861794,264,0.5967084065599996,264,0.6952597,0.61166424
265,hotel_42,2023-06-16,0.5789473684210527,0.5789473684210527,0.6449044731266292,0.5164536633446177,265,0.7557622208323405,265,0.7737198,0.66910887
266,hotel_42,2023-06-17,0.5789473684210527,1.0,0.6832937450626635,0.6235235371777318,266,0.8264285523920294,266,0.72141075,0.6954174
267,hotel_42,2023-06-18,0.5789473684210527,0.9959514170040485,0.6589188509964223,0.2771541095301263,267,0.6016772447302243,267,0.45906264,0.45799968
268,hotel_42,2023-06-19,0.5789473684210527,0.21862348178137653,0.5977663708247977,0.3575462852718987,268,0.6744301834575023,268,0.5531087,0.46154797
269,hotel_42,2023-06-20,0.5789473684210527,0.25101214574898784,0.6053584447721123,0.46404466213726625,269,0.7453398767425216,269,0.62091583,0.5558977
270,hotel_42,2023-06-21,0.5789473684210527,0.27530364372469635,0.6006063909770357,0.44306693331262137,270,0.7696212713804056,270,0.6768954,0.56721205
271,hotel_42,2023-06-22,0.5789473684210527,0.30364372469635625,0.6145767407301738,0.44864531913861794,271,0.7659214746684915,271,0.627892,0.5324359
272,hotel_42,2023-06-23,0.5789473684210527,0.5789473684210527,0.6665621557566186,0.5164536633446177,272,0.8808606800169688,272,0.7402389,0.605714
273,hotel_42,2023-06-24,0.5789473684210527,1.0,0.6809205178346105,0.6235235371777318,273,0.9006822738985082,273,0.7337864,0.63772583
274,hotel_42,2023-06-25,0.5789473684210527,0.9959514170040485,0.6717883084398459,0.2771541095301263,274,0.6648290798915673,274,0.48243135,0.43692824
275,hotel_42,2023-06-26,0.5789473684210527,0.21862348178137653,0.6049197076143112,0.3575462852718987,275,0.6209529010460522,275,0.52454233,0.45341206
276,hotel_42,2023-06-27,0.5789473684210527,0.25101214574898784,0.6095586589938902,0.46404466213726625,276,0.6608025280273376,276,0.65106446,0.5748101
277,hotel_42,2023-06-28,0.5789473684210527,0.27530364372469635,0.6092101316034128,0.44306693331262137,277,0.6939247604722858,277,0.6689234,0.58200574
278,hotel_42,2023-06-29,0.5789473684210527,0.30364372469635625,0.6159496760353864,0.44864531913861794,278,0.6697948676505509,278,0.6278107,0.53708297
279,hotel_42,2023-06-30,0.5789473684210527,0.5789473684210527,0.6507448274776728,0.5164536633446177,279,0.7221936713844764,279,0.6919123,0.62231827
280,hotel_49,2023-06-03,0.7336244541484717,0.6026200873362445,0.7023882178119728,0.7381262854559625,280,0.7670856267509577,280,0.7476878,0.73946357
281,hotel_49,2023-06-04,0.7336244541484717,0.5982532751091703,0.6278196176120533,0.6469264161174458,281,0.550552052425151,281,0.6154535,0.60839087
282,hotel_49,2023-06-05,0.7336244541484717,0.4585152838427948,0.5784938650711334,0.637129228474408,282,0.6300802435614351,282,0.5899012,0.5908319
283,hotel_49,2023-06-06,0.7336244541484717,0.5327510917030568,0.5794089734473088,0.6616359970623615,283,0.667159303471466,283,0.6295502,0.61644465
284,hotel_49,2023-06-07,0.7336244541484717,0.611353711790393,0.5947297607881504,0.6611476395418645,284,0.6832361615658898,284,0.6296181,0.6390449
285,hotel_49,2023-06-08,0.7336244541484717,0.6637554585152838,0.6077898397907008,0.6762703554162109,285,0.6607029605565617,285,0.66702676,0.662671
286,hotel_49,2023-06-09,0.7336244541484717,0.7336244541484717,0.6315281769186571,0.7278446064543925,286,0.6966396486066612,286,0.7363925,0.72860867
287,hotel_49,2023-06-10,0.7336244541484717,0.6026200873362445,0.630179933178075,0.7381262854559625,287,0.71601941693502,287,0.7456727,0.7418021
288,hotel_49,2023-06-11,0.7336244541484717,0.5982532751091703,0.6194325717225259,0.6469264161174458,288,0.5693943557871407,288,0.6159972,0.60473275
289,hotel_49,2023-06-12,0.7336244541484717,0.4585152838427948,0.5869803000967315,0.637129228474408,289,0.6262106539590715,289,0.5876135,0.5892097
290,hotel_49,2023-06-13,0.7336244541484717,0.5327510917030568,0.5980798758062393,0.6616359970623615,290,0.6806155539206155,290,0.6110683,0.6294275
291,hotel_49,2023-06-14,0.7336244541484717,0.611353711790393,0.6110390273257177,0.6611476395418645,291,0.6976527088551746,291,0.6467762,0.6427815
292,hotel_49,2023-06-15,0.7336244541484717,0.6637554585152838,0.6214286701880266,0.6762703554162109,292,0.6906832348759595,292,0.68915147,0.66216755
293,hotel_49,2023-06-16,0.7336244541484717,0.7336244541484717,0.6359695919817729,0.7278446064543925,293,0.7302946123147102,293,0.71580935,0.7216742
294,hotel_49,2023-06-17,0.7336244541484717,0.6026200873362445,0.6314469294736444,0.7381262854559625,294,0.7762658582838846,294,0.7166637,0.734129
295,hotel_49,2023-06-18,0.7336244541484717,0.5982532751091703,0.6177521858400348,0.6469264161174458,295,0.5915112671790649,295,0.5826094,0.59615356
296,hotel_49,2023-06-19,0.7336244541484717,0.4585152838427948,0.6048764250472287,0.637129228474408,296,0.6577987303850444,296,0.59120303,0.5840948
297,hotel_49,2023-06-20,0.7336244541484717,0.5327510917030568,0.6068020799245026,0.6616359970623615,297,0.7056191066057267,297,0.60973054,0.6212859
298,hotel_49,2023-06-21,0.7336244541484717,0.611353711790393,0.6116745031334233,0.6611476395418645,298,0.7167529137411106,298,0.61441445,0.65447664
299,hotel_49,2023-06-22,0.7336244541484717,0.6637554585152838,0.6153039768473391,0.6762703554162109,299,0.7251590552532232,299,0.6705966,0.6753222
300,hotel_49,2023-06-23,0.7336244541484717,0.7336244541484717,0.6216602378794494,0.7278446064543925,300,0.7601924177289273,300,0.7185164,0.7303946
301,hotel_49,2023-06-24,0.7336244541484717,0.6026200873362445,0.6204996447496253,0.7381262854559625,301,0.7675432556481804,301,0.7513205,0.75210387
302,hotel_49,2023-06-25,0.7336244541484717,0.5982532751091703,0.6165196797661703,0.6469264161174458,302,0.5694469086604499,302,0.6197614,0.6141215
303,hotel_49,2023-06-26,0.7336244541484717,0.4585152838427948,0.6090687044912664,0.637129228474408,303,0.6384429704717303,303,0.6199273,0.6032406
304,hotel_49,2023-06-27,0.7336244541484717,0.5327510917030568,0.6112478559014854,0.6616359970623615,304,0.6956705694268094,304,0.6310986,0.6338094
305,hotel_49,2023-06-28,0.7336244541484717,0.611353711790393,0.6140955382265253,0.6611476395418645,305,0.7044160434274376,305,0.6375081,0.6584954
306,hotel_49,2023-06-29,0.7336244541484717,0.6637554585152838,0.6164279847193974,0.6762703554162109,306,0.6977341314957469,306,0.69503474,0.6775942
307,hotel_49,2023-06-30,0.7336244541484717,0.7336244541484717,0.619789937912996,0.7278446064543925,307,0.7317067474018365,307,0.76291746,0.74258757
308,hotel_56,2023-06-03,0.9416666666666667,1.0083333333333333,0.9503474030972839,0.9225575267579209,308,0.9244698977966462,308,0.97327954,0.96549636
309,hotel_56,2023-06-04,0.9416666666666667,0.975,0.8919645707184545,0.7934296645717199,309,0.7227910897841139,309,0.86079925,0.82412887
310,hotel_56,2023-06-05,0.9416666666666667,0.6,0.8278417238048662,0.8186381137190706,310,0.7965759550572896,310,0.88393784,0.87956864
311,hotel_56,2023-06-06,0.9416666666666667,0.8333333333333334,0.8843222454422552,0.8563804883667919,311,0.8344995361342862,311,0.93123704,0.938575
312,hotel_56,2023-06-07,0.9416666666666667,0.85,0.8935828209017095,0.8750441218515934,312,0.8341879164651632,312,0.9241154,0.9171962
313,hotel_56,2023-06-08,0.9416666666666667,0.8583333333333333,0.9218154843201023,0.878815493250656,313,0.8645786108852946,313,0.9100792,0.90977204
314,hotel_56,2023-06-09,0.9416666666666667,0.9416666666666667,0.9365628775485957,0.9061319672670852,314,0.918070930936521,314,0.94585484,0.97424585
315,hotel_56,2023-06-10,0.9416666666666667,1.0083333333333333,0.9505874778167926,0.9225575267579209,315,0.9427474383549087,315,0.9693712,0.97064054
316,hotel_56,2023-06-11,0.9416666666666667,0.975,0.9275224659036219,0.7934296645717199,316,0.7550373640095717,316,0.82631665,0.83031595
317,hotel_56,2023-06-12,0.9416666666666667,0.6,0.8441027940013087,0.8186381137190706,317,0.7341542282538553,317,0.87784743,0.8813714
318,hotel_56,2023-06-13,0.9416666666666667,0.8333333333333334,0.9009349924149916,0.8563804883667919,318,0.7916533886037798,318,0.9101379,0.9328618
319,hotel_56,2023-06-14,0.9416666666666667,0.85,0.9065471311364312,0.8750441218515934,319,0.8054010832149913,319,0.91123796,0.91458386
320,hotel_56,2023-06-15,0.9416666666666667,0.8583333333333333,0.9163649115766006,0.878815493250656,320,0.8139948280742851,320,0.8912117,0.9109718
321,hotel_56,2023-06-16,0.9416666666666667,0.9416666666666667,0.93505065859934,0.9061319672670852,321,0.9039627078993164,321,0.9437254,0.9697166
322,hotel_56,2023-06-17,0.9416666666666667,1.0083333333333333,0.9407071470648951,0.9225575267579209,322,0.9198058119212635,322,0.9536085,0.9699006
323,hotel_56,2023-06-18,0.9416666666666667,0.975,0.9238333520568591,0.7934296645717199,323,0.6909195676259656,323,0.82596606,0.8162287
324,hotel_56,2023-06-19,0.9416666666666667,0.6,0.8880442944720316,0.8186381137190706,324,0.7374139342266435,324,0.89343053,0.87322825
325,hotel_56,2023-06-20,0.9416666666666667,0.8333333333333334,0.9146229953242716,0.8563804883667919,325,0.7986091736098067,325,0.9099302,0.91525596
326,hotel_56,2023-06-21,0.9416666666666667,0.85,0.9178798585162993,0.8750441218515934,326,0.8090195609229247,326,0.8976325,0.91297317
327,hotel_56,2023-06-22,0.9416666666666667,0.8583333333333333,0.9256427798062691,0.878815493250656,327,0.8152958838599506,327,0.88855386,0.9147934
328,hotel_56,2023-06-23,0.9416666666666667,0.9416666666666667,0.9337253468018191,0.9061319672670852,328,0.8825987396640859,328,0.93452805,0.96991765
329,hotel_56,2023-06-24,0.9416666666666667,1.0083333333333333,0.937813155072257,0.9225575267579209,329,0.898311921577934,329,0.96770513,0.9673239
330,hotel_56,2023-06-25,0.9416666666666667,0.975,0.9288411128048072,0.7934296645717199,330,0.6712653369507471,330,0.84349453,0.82747245
331,hotel_56,2023-06-26,0.9416666666666667,0.6,0.9038895874624496,0.8186381137190706,331,0.6971041007857004,331,0.88222647,0.88277596
332,hotel_56,2023-06-27,0.9416666666666667,0.8333333333333334,0.9215410489532887,0.8563804883667919,332,0.7460081758911583,332,0.91351986,0.9203749
333,hotel_56,2023-06-28,0.9416666666666667,0.85,0.9234719404625983,0.8750441218515934,333,0.7702062713622069,333,0.9156591,0.912737
334,hotel_56,2023-06-29,0.9416666666666667,0.8583333333333333,0.9274633972292389,0.878815493250656,334,0.771977013024787,334,0.9180573,0.91135
335,hotel_56,2023-06-30,0.9416666666666667,0.9416666666666667,0.9330720473837746,0.9061319672670852,335,0.8692456806298102,335,0.955951,0.9702712
336,hotel_63,2023-06-03,0.7111111111111111,0.9644444444444444,0.8586949444834129,0.8117287079900483,336,0.8744196426218043,336,0.84184456,0.8679567
337,hotel_63,2023-06-04,0.7111111111111111,0.9288888888888889,0.8115136028888164,0.5180816994569175,337,0.7253082232350697,337,0.57228285,0.5816075
338,hotel_63,2023-06-05,0.7111111111111111,0.5244444444444445,0.7575735918476264,0.5247584954827331,338,0.7507291803149583,338,0.71488464,0.6580708
339,hotel_63,2023-06-06,0.7111111111111111,0.6311111111111111,0.7989148367584626,0.5959512644452947,339,0.8174587963166944,339,0.8869816,0.76084596
340,hotel_63,2023-06-07,0.7111111111111111,0.6488888888888888,0.7764628958332436,0.612981407980453,340,0.8242127506666017,340,0.9114803,0.8085587
341,hotel_63,2023-06-08,0.7111111111111111,0.6888888888888889,0.7240717837642617,0.6152190494748339,341,0.7947457540481105,341,0.8670977,0.79713285
342,hotel_63,2023-06-09,0.7111111111111111,0.7111111111111111,0.8158805707206983,0.7585084269735789,342,0.8560842905968149,342,0.9910978,0.90660733
343,hotel_63,2023-06-10,0.7111111111111111,0.9644444444444444,0.8723821619399548,0.8117287079900483,343,0.9034550128110573,343,1.0428346,0.96213764
344,hotel_63,2023-06-11,0.7111111111111111,0.9288888888888889,0.8442174344670651,0.5180816994569175,344,0.6948050426164303,344,0.71432936,0.6461779
345,hotel_63,2023-06-12,0.7111111111111111,0.5244444444444445,0.7096778628345635,0.5247584954827331,345,0.6915693985315472,345,0.76743877,0.6867604
346,hotel_63,2023-06-13,0.7111111111111111,0.6311111111111111,0.7535743680413297,0.5959512644452947,346,0.7444053434710687,346,0.9265375,0.7960948
347,hotel_63,2023-06-14,0.7111111111111111,0.6488888888888888,0.7526417473795484,0.612981407980453,347,0.7717318189679359,347,0.9306568,0.8224847
348,hotel_63,2023-06-15,0.7111111111111111,0.6888888888888889,0.7487319530207424,0.6152190494748339,348,0.7786771477159389,348,0.90229505,0.806175
349,hotel_63,2023-06-16,0.7111111111111111,0.7111111111111111,0.7858367919693504,0.7585084269735789,349,0.8655605601021565,349,1.0095937,0.91032577
350,hotel_63,2023-06-17,0.7111111111111111,0.9644444444444444,0.8471527769097424,0.8117287079900483,350,0.8575035653300985,350,1.0250831,0.96587586
351,hotel_63,2023-06-18,0.7111111111111111,0.9288888888888889,0.825286354677831,0.5180816994569175,351,0.6759715061583541,351,0.6527249,0.6291932
352,hotel_63,2023-06-19,0.7111111111111111,0.5244444444444445,0.7670603868243249,0.5247584954827331,352,0.7317545129179704,352,0.72850114,0.682332
353,hotel_63,2023-06-20,0.7111111111111111,0.6311111111111111,0.793210030557016,0.5959512644452947,353,0.786675988067335,353,0.84925485,0.7653129
354,hotel_63,2023-06-21,0.7111111111111111,0.6488888888888888,0.7866820084243686,0.612981407980453,354,0.8052464797484729,354,0.896397,0.80030304
355,hotel_63,2023-06-22,0.7111111111111111,0.6888888888888889,0.7706530593852332,0.6152190494748339,355,0.7962418353944687,355,0.9245868,0.79883903
356,hotel_63,2023-06-23,0.7111111111111111,0.7111111111111111,0.8090525630944708,0.7585084269735789,356,0.8672969870188518,356,1.0073416,0.89560366
357,hotel_63,2023-06-24,0.7111111111111111,0.9644444444444444,0.8451871941658534,0.8117287079900483,357,0.9012873975814671,357,1.1159898,0.9645343
358,hotel_63,2023-06-25,0.7111111111111111,0.9288888888888889,0.8304536937881127,0.5180816994569175,358,0.7375796384698614,358,0.7373799,0.6442224
359,hotel_63,2023-06-26,0.7111111111111111,0.5244444444444445,0.7736666631871116,0.5247584954827331,359,0.7784928702106392,359,0.7686217,0.6666221
360,hotel_63,2023-06-27,0.7111111111111111,0.6311111111111111,0.7949825647573114,0.5959512644452947,360,0.8152032574164328,360,0.9335599,0.7545825
361,hotel_63,2023-06-28,0.7111111111111111,0.6488888888888888,0.7929917839079772,0.612981407980453,361,0.8237505612483815,361,0.910825,0.8043485
362,hotel_63,2023-06-29,0.7111111111111111,0.6888888888888889,0.7870927785701414,0.6152190494748339,362,0.7967100091445153,362,0.8562425,0.7810823
363,hotel_63,2023-06-30,0.7111111111111111,0.7111111111111111,0.8103862975784552,0.7585084269735789,363,0.8689803727521248,363,1.0072324,0.8864023
364,hotel_7,2023-06-03,0.8094462540716613,0.750814332247557,0.7313032124017695,0.7270081556901234,364,0.7912499094554499,364,0.7010205,0.710239
365,hotel_7,2023-06-04,0.8094462540716613,0.7785016286644951,0.7123706216123835,0.7080671679310537,365,0.5802342776012247,365,0.6992884,0.6716093
366,hotel_7,2023-06-05,0.8094462540716613,0.6237785016286646,0.5740219189997546,0.5797217911384903,366,0.5182899808463061,366,0.5545765,0.5568144
367,hotel_7,2023-06-06,0.8094462540716613,0.6270358306188925,0.5420800910664951,0.571969959588913,367,0.5543950717061099,367,0.5480945,0.5112715
368,hotel_7,2023-06-07,0.8094462540716613,0.6449511400651465,0.6430691941508802,0.7372719503055183,368,0.6387582297237174,368,0.68967223,0.654077
369,hotel_7,2023-06-08,0.8094462540716613,0.7980456026058632,0.6854671672477379,0.776442840243807,369,0.6837722277124361,369,0.7432797,0.7306253
370,hotel_7,2023-06-09,0.8094462540716613,0.8094462540716613,0.7400874694119024,0.8082867631899068,370,0.7456492132596318,370,0.76667297,0.7275303
371,hotel_7,2023-06-10,0.8094462540716613,0.750814332247557,0.6347709056994921,0.7270081556901234,371,0.7883994175312979,371,0.67570525,0.65988904
372,hotel_7,2023-06-11,0.8094462540716613,0.7785016286644951,0.6079002612365114,0.7080671679310537,372,0.6083054824417115,372,0.6652231,0.64879435
373,hotel_7,2023-06-12,0.8094462540716613,0.6237785016286646,0.47326000817339564,0.5797217911384903,373,0.6619485598500753,373,0.4848803,0.5091377
374,hotel_7,2023-06-13,0.8094462540716613,0.6270358306188925,0.4680389732339938,0.571969959588913,374,0.6779990254890155,374,0.52997434,0.48652324
375,hotel_7,2023-06-14,0.8094462540716613,0.6449511400651465,0.6143466691379318,0.7372719503055183,375,0.6894715860138476,375,0.67760646,0.6260871
376,hotel_7,2023-06-15,0.8094462540716613,0.7980456026058632,0.6451087181154279,0.776442840243807,376,0.69478866982199,376,0.76852274,0.68786407
377,hotel_7,2023-06-16,0.8094462540716613,0.8094462540716613,0.702455130572992,0.8082867631899068,377,0.727575997952367,377,0.7684821,0.6961326
378,hotel_7,2023-06-17,0.8094462540716613,0.750814332247557,0.6199583053831834,0.7270081556901234,378,0.7758315549600235,378,0.658643,0.65428257
379,hotel_7,2023-06-18,0.8094462540716613,0.7785016286644951,0.60477022880176,0.7080671679310537,379,0.5836838630913868,379,0.6499138,0.6391296
380,hotel_7,2023-06-19,0.8094462540716613,0.6237785016286646,0.47480003353463807,0.5797217911384903,380,0.565939211085684,380,0.5475732,0.52637494
381,hotel_7,2023-06-20,0.8094462540716613,0.6270358306188925,0.4613185604410148,0.571969959588913,381,0.5834537648746496,381,0.5184691,0.50632703
382,hotel_7,2023-06-21,0.8094462540716613,0.6449511400651465,0.5888568696823023,0.7372719503055183,382,0.6465955448772182,382,0.6841589,0.6413034
383,hotel_7,2023-06-22,0.8094462540716613,0.7980456026058632,0.6303963086032018,0.776442840243807,383,0.6761814785614444,383,0.7855017,0.7158348
384,hotel_7,2023-06-23,0.8094462540716613,0.8094462540716613,0.6903955900574341,0.8082867631899068,384,0.7335956124077556,384,0.7485485,0.68997127
385,hotel_7,2023-06-24,0.8094462540716613,0.750814332247557,0.5994536961902206,0.7270081556901234,385,0.7771763343253356,385,0.69017136,0.6532001
386,hotel_7,2023-06-25,0.8094462540716613,0.7785016286644951,0.5813017766592918,0.7080671679310537,386,0.59886958068889,386,0.64531356,0.6355719
387,hotel_7,2023-06-26,0.8094462540716613,0.6237785016286646,0.4517131279173989,0.5797217911384903,387,0.6672025913837072,387,0.5426276,0.49265707
388,hotel_7,2023-06-27,0.8094462540716613,0.6270358306188925,0.445131694758748,0.571969959588913,388,0.700447350288607,388,0.5710142,0.4785319
389,hotel_7,2023-06-28,0.8094462540716613,0.6449511400651465,0.5848439097590205,0.7372719503055183,389,0.696487838805964,389,0.72824144,0.61414844
390,hotel_7,2023-06-29,0.8094462540716613,0.7980456026058632,0.6226674856116694,0.776442840243807,390,0.7003934104545173,390,0.7368631,0.66254634
391,hotel_7,2023-06-30,0.8094462540716613,0.8094462540716613,0.6830245103018058,0.8082867631899068,391,0.7417297536304703,391,0.73590755,0.6855658
392,hotel_70,2023-06-03,0.5657894736842105,0.41228070175438597,0.5743634708062781,0.5917986913036359,392,0.515951701980893,392,0.5576353,0.55886436
393,hotel_70,2023-06-04,0.5657894736842105,0.4298245614035088,0.5653676988575693,0.48171847607544516,393,0.412972645136335,393,0.4272794,0.42884064
394,hotel_70,2023-06-05,0.5657894736842105,0.2543859649122807,0.5004917303918942,0.48848736242562163,394,0.4254071722503432,394,0.4270528,0.44069788
395,hotel_70,2023-06-06,0.5657894736842105,0.35964912280701755,0.5431333199821656,0.481538355076262,395,0.40705940175329774,395,0.4794308,0.4681421
396,hotel_70,2023-06-07,0.5657894736842105,0.4868421052631579,0.5819622116582837,0.46774949360625423,396,0.4134762953836708,396,0.4852656,0.4875031
397,hotel_70,2023-06-08,0.5657894736842105,0.5964912280701754,0.6211161887577556,0.5069465780793083,397,0.47921508244011646,397,0.50095373,0.50300395
398,hotel_70,2023-06-09,0.5657894736842105,0.5657894736842105,0.6058920520774433,0.5620563067445632,398,0.5249526811652864,398,0.57827914,0.5693287
399,hotel_70,2023-06-10,0.5657894736842105,0.41228070175438597,0.6149533239473368,0.5917986913036359,399,0.5054081958217971,399,0.5467172,0.54767543
400,hotel_70,2023-06-11,0.5657894736842105,0.4298245614035088,0.6168989977520634,0.48171847607544516,400,0.44796493210069716,400,0.40183824,0.41976035
401,hotel_70,2023-06-12,0.5657894736842105,0.2543859649122807,0.545651793970538,0.48848736242562163,401,0.4726626181330005,401,0.44608888,0.4408013
402,hotel_70,2023-06-13,0.5657894736842105,0.35964912280701755,0.5896430874170754,0.481538355076262,402,0.5013982830369486,402,0.4818204,0.46647924
403,hotel_70,2023-06-14,0.5657894736842105,0.4868421052631579,0.6385524154747655,0.46774949360625423,403,0.5255856956458211,403,0.48012477,0.47838396
404,hotel_70,2023-06-15,0.5657894736842105,0.5964912280701754,0.6826158036466105,0.5069465780793083,404,0.519247732740939,404,0.49273217,0.49723622
405,hotel_70,2023-06-16,0.5657894736842105,0.5657894736842105,0.668852781341487,0.5620563067445632,405,0.5552114562063649,405,0.53536594,0.54725635
406,hotel_70,2023-06-17,0.5657894736842105,0.41228070175438597,0.6743051341985253,0.5917986913036359,406,0.5141551280441324,406,0.5146956,0.5327188
407,hotel_70,2023-06-18,0.5657894736842105,0.4298245614035088,0.6724153887078722,0.48171847607544516,407,0.4477642728823026,407,0.39641687,0.40760383
408,hotel_70,2023-06-19,0.5657894736842105,0.2543859649122807,0.6302617911116319,0.48848736242562163,408,0.433467895391041,408,0.4239297,0.421769
409,hotel_70,2023-06-20,0.5657894736842105,0.35964912280701755,0.6570191749294426,0.481538355076262,409,0.422524230406533,409,0.475109,0.44481274
410,hotel_70,2023-06-21,0.5657894736842105,0.4868421052631579,0.6843448274040699,0.46774949360625423,410,0.4455395471975679,410,0.444723,0.46860346
411,hotel_70,2023-06-22,0.5657894736842105,0.5964912280701754,0.7101413664291951,0.5069465780793083,411,0.4827536155997271,411,0.4762851,0.49275672
412,hotel_70,2023-06-23,0.5657894736842105,0.5657894736842105,0.7012382105372837,0.5620563067445632,412,0.5196326742641749,412,0.5438897,0.53734815
413,hotel_70,2023-06-24,0.5657894736842105,0.41228070175438597,0.7056210271838536,0.5917986913036359,413,0.4940047159689075,413,0.5223003,0.5232015
414,hotel_70,2023-06-25,0.5657894736842105,0.4298245614035088,0.7055384151112037,0.48171847607544516,414,0.4496506047303374,414,0.40457463,0.40090507
415,hotel_70,2023-06-26,0.5657894736842105,0.2543859649122807,0.6713170222644048,0.48848736242562163,415,0.43133335625340513,415,0.43067622,0.41879874
416,hotel_70,2023-06-27,0.5657894736842105,0.35964912280701755,0.6926909982982433,0.481538355076262,416,0.44413434421870523,416,0.469795,0.4460423
417,hotel_70,2023-06-28,0.5657894736842105,0.4868421052631579,0.7156439898927878,0.46774949360625423,417,0.482980529621575,417,0.4731441,0.4727884
418,hotel_70,2023-06-29,0.5657894736842105,0.5964912280701754,0.7367169327998774,0.5069465780793083,418,0.505900770346091,418,0.5195043,0.49546474
419,hotel_70,2023-06-30,0.5657894736842105,0.5657894736842105,0.7298520012123552,0.5620563067445632,419,0.5554763285471301,419,0.57451355,0.54758245
420,hotel_84,2023-06-03,0.9273356401384083,0.8719723183391004,0.983916682444251,0.9576001322148802,420,0.9222091274647778,420,0.9779896,0.9534048
421,hotel_84,2023-06-04,0.9273356401384083,0.8477508650519031,0.8665027693702569,0.7039536649142274,421,0.7714511461545762,421,0.76589096,0.7745414
422,hotel_84,2023-06-05,0.9273356401384083,0.6539792387543253,0.7960009805708961,0.7238423096192661,422,0.8554684534065874,422,0.8182162,0.81725466
423,hotel_84,2023-06-06,0.9273356401384083,0.6124567474048442,0.778385356379244,0.7809622096635512,423,0.861382783565468,423,0.87748337,0.86894673
424,hotel_84,2023-06-07,0.9273356401384083,0.657439446366782,0.7492439819278728,0.7904199082712313,424,0.8485412663275123,424,0.84726954,0.8641655
425,hotel_84,2023-06-08,0.9273356401384083,0.740484429065744,0.7838291159236268,0.7785679780233528,425,0.8254170516291539,425,0.8113184,0.8452449
426,hotel_84,2023-06-09,0.9273356401384083,0.9273356401384083,0.8471886870871678,0.911509469720994,426,0.8790497905779348,426,0.8551202,0.89604837
427,hotel_84,2023-06-10,0.9273356401384083,0.8719723183391004,0.9155033299582869,0.9576001322148802,427,0.912894286533915,427,0.9096279,0.92608154
428,hotel_84,2023-06-11,0.9273356401384083,0.8477508650519031,0.8372679968057131,0.7039536649142274,428,0.7422017062597926,428,0.711589,0.7602338
429,hotel_84,2023-06-12,0.9273356401384083,0.6539792387543253,0.7743677233549331,0.7238423096192661,429,0.8088584854979224,429,0.8135355,0.80786747
430,hotel_84,2023-06-13,0.9273356401384083,0.6124567474048442,0.7486876643611297,0.7809622096635512,430,0.8751803931665886,430,0.86144304,0.86564994
431,hotel_84,2023-06-14,0.9273356401384083,0.657439446366782,0.7488355192175842,0.7904199082712313,431,0.870964763392486,431,0.84848404,0.8567497
432,hotel_84,2023-06-15,0.9273356401384083,0.740484429065744,0.7841031357030377,0.7785679780233528,432,0.8540367643558644,432,0.8444247,0.84448445
433,hotel_84,2023-06-16,0.9273356401384083,0.9273356401384083,0.851974916641224,0.911509469720994,433,0.8987845911307687,433,0.89244163,0.8961626
434,hotel_84,2023-06-17,0.9273356401384083,0.8719723183391004,0.9005271906979071,0.9576001322148802,434,0.910114542918233,434,0.9018732,0.9267552
435,hotel_84,2023-06-18,0.9273356401384083,0.8477508650519031,0.8331298934724416,0.7039536649142274,435,0.7428154350828524,435,0.6880057,0.7429987
436,hotel_84,2023-06-19,0.9273356401384083,0.6539792387543253,0.7935680404174038,0.7238423096192661,436,0.8003812750589845,436,0.77713376,0.78898406
437,hotel_84,2023-06-20,0.9273356401384083,0.6124567474048442,0.7738889505067066,0.7809622096635512,437,0.8530567374536064,437,0.8344259,0.84031945
438,hotel_84,2023-06-21,0.9273356401384083,0.657439446366782,0.7702570171125737,0.7904199082712313,438,0.8653313448575465,438,0.83763266,0.85258865
439,hotel_84,2023-06-22,0.9273356401384083,0.740484429065744,0.7922408335768764,0.7785679780233528,439,0.8579327801519578,439,0.82768035,0.8355279
440,hotel_84,2023-06-23,0.9273356401384083,0.9273356401384083,0.8381128326297062,0.911509469720994,440,0.890031110391961,440,0.87822413,0.8838795
441,hotel_84,2023-06-24,0.9273356401384083,0.8719723183391004,0.8756640336764087,0.9576001322148802,441,0.9150115998615539,441,0.9019202,0.90824676
442,hotel_84,2023-06-25,0.9273356401384083,0.8477508650519031,0.8267675049708301,0.7039536649142274,442,0.7216592404307853,442,0.7011438,0.7426232
443,hotel_84,2023-06-26,0.9273356401384083,0.6539792387543253,0.7955056442397858,0.7238423096192661,443,0.7695615318027333,443,0.78383505,0.79031676
444,hotel_84,2023-06-27,0.9273356401384083,0.6124567474048442,0.7796857035428725,0.7809622096635512,444,0.830638432980007,444,0.8401313,0.8390273
445,hotel_84,2023-06-28,0.9273356401384083,0.657439446366782,0.7791097084820715,0.7904199082712313,445,0.848879227725559,445,0.8274974,0.84430367
446,hotel_84,2023-06-29,0.9273356401384083,0.740484429065744,0.7962189285520489,0.7785679780233528,446,0.8408605273672728,446,0.85158056,0.8384667
447,hotel_84,2023-06-30,0.9273356401384083,0.9273356401384083,0.833065249458234,0.911509469720994,447,0.8867201904961958,447,0.909852,0.8880918
448,hotel_91,2023-06-03,0.9662921348314607,1.0674157303370786,0.9681052065616064,0.9612275496393161,448,0.9682014451580936,448,1.0145354,1.0063502
449,hotel_91,2023-06-04,0.9662921348314607,1.0112359550561798,0.8880032478360134,0.7912019758843001,449,0.8704599719622552,449,0.8853028,0.90614486
450,hotel_91,2023-06-05,0.9662921348314607,0.5617977528089888,0.8853306478465265,0.9215326932874931,450,0.9032167054778807,450,0.8967502,0.9678086
451,hotel_91,2023-06-06,0.9662921348314607,0.9775280898876404,0.9437998705725925,1.016453272894178,451,0.942953198870928,451,0.9692994,1.0268058
452,hotel_91,2023-06-07,0.9662921348314607,1.0,0.9374057239236294,1.0184593934986617,452,0.9664408712254018,452,0.9843743,1.0022322
453,hotel_91,2023-06-08,0.9662921348314607,0.9550561797752809,0.8915049295960678,0.9417989528925165,453,0.9258779940582668,453,0.84197503,0.90856355
454,hotel_91,2023-06-09,0.9662921348314607,0.9662921348314607,0.9144164100276186,0.9649664736053538,454,0.9393148332374125,454,0.90261227,0.94679403
455,hotel_91,2023-06-10,0.9662921348314607,1.0674157303370786,0.9468828673443589,0.9612275496393161,455,0.9639070384955766,455,0.963333,0.98764706
456,hotel_91,2023-06-11,0.9662921348314607,1.0112359550561798,0.9457556103857878,0.7912019758843001,456,0.8883907526829214,456,0.83860534,0.89790416
457,hotel_91,2023-06-12,0.9662921348314607,0.5617977528089888,0.8218322829050355,0.9215326932874931,457,0.8695928084017113,457,0.9083675,0.9680511
458,hotel_91,2023-06-13,0.9662921348314607,0.9775280898876404,0.9226591232153243,1.016453272894178,458,0.919368073986557,458,0.9575683,1.0151998
459,hotel_91,2023-06-14,0.9662921348314607,1.0,0.9259000605826752,1.0184593934986617,459,0.9388019873667768,459,0.9753208,1.001354
460,hotel_91,2023-06-15,0.9662921348314607,0.9550561797752809,0.924435757127,0.9417989528925165,460,0.9186879443888212,460,0.8478456,0.91319567
461,hotel_91,2023-06-16,0.9662921348314607,0.9662921348314607,0.9286589773663944,0.9649664736053538,461,0.9455229063270749,461,0.90528303,0.94815344
462,hotel_91,2023-06-17,0.9662921348314607,1.0674157303370786,0.9224983807546117,0.9612275496393161,462,0.9605353387796826,462,0.9245234,0.98734444
463,hotel_91,2023-06-18,0.9662921348314607,1.0112359550561798,0.9182302477561063,0.7912019758843001,463,0.8729582048997229,463,0.83485466,0.884068
464,hotel_91,2023-06-19,0.9662921348314607,0.5617977528089888,0.9166224270322926,0.9215326932874931,464,0.9177918769397748,464,0.87781036,0.94789153
465,hotel_91,2023-06-20,0.9662921348314607,0.9775280898876404,0.9156585371738631,1.016453272894178,465,0.9181367125882868,465,0.9507908,1.0016547
466,hotel_91,2023-06-21,0.9662921348314607,1.0,0.9149375390570086,1.0184593934986617,466,0.9499478977933148,466,0.9538579,0.9838516
467,hotel_91,2023-06-22,0.9662921348314607,0.9550561797752809,0.9144884253561149,0.9417989528925165,467,0.9201536701385401,467,0.827681,0.89720815
468,hotel_91,2023-06-23,0.9662921348314607,0.9662921348314607,0.9142242493338606,0.9649664736053538,468,0.9318109447700947,468,0.84686005,0.9404223
469,hotel_91,2023-06-24,0.9662921348314607,1.0674157303370786,0.914060282433332,0.9612275496393161,469,0.9712221592870772,469,0.9139716,0.977561
470,hotel_91,2023-06-25,0.9662921348314607,1.0112359550561798,0.9139568437665369,0.7912019758843001,470,0.8483198440215088,470,0.82828575,0.89073414
471,hotel_91,2023-06-26,0.9662921348314607,0.5617977528089888,0.9138927000803027,0.9215326932874931,471,0.8662023775354979,471,0.87929684,0.9578456
472,hotel_91,2023-06-27,0.9662921348314607,0.9775280898876404,0.9138531003316023,1.016453272894178,472,0.9124366644682476,472,0.9494326,1.0071135
473,hotel_91,2023-06-28,0.9662921348314607,1.0,0.9138285219663943,1.0184593934986617,473,0.9334005104438091,473,0.9402237,0.99434114
474,hotel_91,2023-06-29,0.9662921348314607,0.9550561797752809,0.9138132485234857,0.9417989528925165,474,0.9282667374254743,474,0.80158055,0.89946514
475,hotel_91,2023-06-30,0.9662921348314607,0.9662921348314607,0.9138037731635689,0.9649664736053538,475,0.9392443087735354,475,0.85060394,0.9327801
476,hotel_98,2023-06-03,0.16129032258064516,0.1693548387096774,0.1754701764448063,0.22577059599774307,476,0.21282419377126274,476,0.21162695,0.21590286
477,hotel_98,2023-06-04,0.16129032258064516,0.08870967741935484,0.1080648425289946,0.039377439727794616,477,0.16938502062957986,477,0.1495916,0.15092127
478,hotel_98,2023-06-05,0.16129032258064516,0.056451612903225805,0.10419395347390602,0.021734439346263505,478,0.16765011481642964,478,0.11057594,0.17375688
479,hotel_98,2023-06-06,0.16129032258064516,0.04838709677419355,0.10233364402247871,0.022665848368396288,479,0.16862482091711817,479,0.14854957,0.17477924
480,hotel_98,2023-06-07,0.16129032258064516,0.08870967741935484,0.11443662037198413,0.01747963288903117,480,0.16939951684089466,480,0.1631302,0.204319
481,hotel_98,2023-06-08,0.16129032258064516,0.11290322580645161,0.142837166547031,0.04957727825946995,481,0.20541987073855822,481,0.2402677,0.26363176
482,hotel_98,2023-06-09,0.16129032258064516,0.16129032258064516,0.16442512330620018,0.16129561302280312,482,0.2545403358936478,482,0.30307847,0.32640487
483,hotel_98,2023-06-10,0.16129032258064516,0.1693548387096774,0.17025022793231573,0.22577059599774307,483,0.3094324413547296,483,0.33997697,0.364508
484,hotel_98,2023-06-11,0.16129032258064516,0.08870967741935484,0.12495943398651613,0.039377439727794616,484,0.17375506528367538,484,0.20855129,0.26115397
485,hotel_98,2023-06-12,0.16129032258064516,0.056451612903225805,0.11617656394199141,0.021734439346263505,485,0.18277867708650503,485,0.17331144,0.25712153
486,hotel_98,2023-06-13,0.16129032258064516,0.04838709677419355,0.11362294546502873,0.022665848368396288,486,0.1929305901485213,486,0.19201486,0.24548292
487,hotel_98,2023-06-14,0.16129032258064516,0.08870967741935484,0.12756130846464114,0.01747963288903117,487,0.2080528541635906,487,0.17679885,0.26190078
488,hotel_98,2023-06-15,0.16129032258064516,0.11290322580645161,0.14446728933426034,0.04957727825946995,488,0.23934685913549383,488,0.26306906,0.30683762
489,hotel_98,2023-06-16,0.16129032258064516,0.16129032258064516,0.16404546250203678,0.16129561302280312,489,0.3054220483782694,489,0.28789824,0.35857612
490,hotel_98,2023-06-17,0.16129032258064516,0.1693548387096774,0.16958033167280395,0.22577059599774307,490,0.33984380774906153,490,0.30517042,0.40287513
491,hotel_98,2023-06-18,0.16129032258064516,0.08870967741935484,0.1361574309548237,0.039377439727794616,491,0.20833537202473001,491,0.21194932,0.29590946
492,hotel_98,2023-06-19,0.16129032258064516,0.056451612903225805,0.13173957311921194,0.021734439346263505,492,0.2058036679259253,492,0.19852903,0.306606
493,hotel_98,2023-06-20,0.16129032258064516,0.04838709677419355,0.13029026928757748,0.022665848368396288,493,0.22597652302540608,493,0.20646687,0.29332754
494,hotel_98,2023-06-21,0.16129032258064516,0.08870967741935484,0.13863818177932954,0.01747963288903117,494,0.23456188716956453,494,0.20351295,0.2850229
495,hotel_98,2023-06-22,0.16129032258064516,0.11290322580645161,0.1518408271269856,0.04957727825946995,495,0.2575889693418324,495,0.26728702,0.33730254
496,hotel_98,2023-06-23,0.16129032258064516,0.16129032258064516,0.1645954933890904,0.16129561302280312,496,0.3419517332520533,496,0.31336564,0.407735
497,hotel_98,2023-06-24,0.16129032258064516,0.1693548387096774,0.16813897664269473,0.22577059599774307,497,0.3655273931964887,497,0.3641116,0.43813747
498,hotel_98,2023-06-25,0.16129032258064516,0.08870967741935484,0.1444725491441034,0.039377439727794616,498,0.21502929554138916,498,0.2519679,0.31655988
499,hotel_98,2023-06-26,0.16129032258064516,0.056451612903225805,0.14071713136252653,0.021734439346263505,499,0.2064280449663873,499,0.22051126,0.30403286
500,hotel_98,2023-06-27,0.16129032258064516,0.04838709677419355,0.13955863319892775,0.022665848368396288,500,0.21342213336774593,500,0.20655045,0.291444
501,hotel_98,2023-06-28,0.16129032258064516,0.08870967741935484,0.14605874278316092,0.01747963288903117,501,0.22765329118824612,501,0.23517784,0.3001959
502,hotel_98,2023-06-29,0.16129032258064516,0.11290322580645161,0.15518655169270512,0.04957727825946995,502,0.2464133439995782,502,0.2853595,0.32965443
503,hotel_98,2023-06-30,0.16129032258064516,0.16129032258064516,0.16473264299507945,0.16129561302280312,503,0.3425288224195629,503,0.36245286,0.39636394
